antibiotic	num_obs	res_prop	lab_derived_prop	train_prop	val_prop	n_fold	fit_penalty	fit_mixture	f1_score	log2_apop	bal_acc	mcc	date	bug	model	model_scale	model_drug	model_data	model_colors	model_shapes
amikacin	670	0.66	1	0.6	0.2	NA	1.00E-04	0	0.88	0.53	0.79	0.81	2025-05-20	Aba	gene_all_struct	gene	drug	all_genomic_context	#e6ab02	23
ampicillin/sulbactam	464	0.56	1	0.6	0.2	NA	1.00E-04	0	0.95	0.79	0.93	0.94	2025-05-20	Aba	gene_all_struct	gene	drug	all_genomic_context	#e6ab02	23
cefepime	201	0.94	1	0.6	0.2	NA	0.1	0.6	0.99	0.09	NA	NA	2025-05-20	Aba	gene_all_struct	gene	drug	all_genomic_context	#e6ab02	23
cefotaxime	398	0.97	1	0.6	0.2	NA	1.00E-04	0	0.99	0.04	0.5	NA	2025-05-20	Aba	gene_all_struct	gene	drug	all_genomic_context	#e6ab02	23
ceftazidime	642	0.88	1	0.6	0.2	NA	0.004641588834	1	0.95	0.17	0.72	0.75	2025-05-20	Aba	gene_all_struct	gene	drug	all_genomic_context	#e6ab02	23
ceftriaxone	522	0.95	1	0.6	0.2	NA	1.00E-04	0	0.96	0.06	0.61	0.68	2025-05-20	Aba	gene_all_struct	gene	drug	all_genomic_context	#e6ab02	23
ciprofloxacin	737	0.93	1	0.6	0.2	NA	1.00E-04	0.2	0.97	0.1	0.59	0.71	2025-05-20	Aba	gene_all_struct	gene	drug	all_genomic_context	#e6ab02	23
doripenem	70	0.4	1	0.6	0.2	NA	1.00E-04	0.2	0.8	1.32	0.83	0.87	2025-05-20	Aba	gene_all_struct	gene	drug	all_genomic_context	#e6ab02	23
doxycycline	32	0.66	1	0.6	0.2	NA	0.1	0.6	0.83	0.22	0.67	0.74	2025-05-20	Aba	gene_all_struct	gene	drug	all_genomic_context	#e6ab02	23
gentamicin	721	0.9	1	0.6	0.2	NA	1.00E-04	0.2	0.97	0.14	0.71	0.79	2025-05-20	Aba	gene_all_struct	gene	drug	all_genomic_context	#e6ab02	23
imipenem	666	0.55	1	0.6	0.2	NA	1.00E-04	0.2	0.9	0.8	0.89	0.89	2025-05-20	Aba	gene_all_struct	gene	drug	all_genomic_context	#e6ab02	23
levofloxacin	401	0.84	1	0.6	0.2	NA	1.00E-04	0	0.96	0.24	0.8	0.85	2025-05-20	Aba	gene_all_struct	gene	drug	all_genomic_context	#e6ab02	23
meropenem	318	0.76	1	0.6	0.2	NA	0.1	0.4	0.92	0.32	0.78	0.81	2025-05-20	Aba	gene_all_struct	gene	drug	all_genomic_context	#e6ab02	23
minocycline	64	0.16	1	0.6	0.2	NA	1.00E-04	1	NA	0.46	0.5	NA	2025-05-20	Aba	gene_all_struct	gene	drug	all_genomic_context	#e6ab02	23
piperacillin/tazobactam	252	0.98	1	0.6	0.2	NA	1.00E-04	0	0.99	0.03	0.5	NA	2025-05-20	Aba	gene_all_struct	gene	drug	all_genomic_context	#e6ab02	23
tetracycline	472	0.8	1	0.6	0.2	NA	0.04641588834	1	0.96	0.31	0.86	0.9	2025-05-20	Aba	gene_all_struct	gene	drug	all_genomic_context	#e6ab02	23
tobramycin	537	0.72	1	0.6	0.2	NA	1.00E-04	0	0.89	0.4	0.78	0.8	2025-05-20	Aba	gene_all_struct	gene	drug	all_genomic_context	#e6ab02	23
trimethoprim/sulfamethoxazole	497	0.88	1	0.6	0.2	NA	0.0215443469	0.4	0.96	0.14	0.72	0.79	2025-05-20	Aba	gene_all_struct	gene	drug	all_genomic_context	#e6ab02	23
aminoglycosides	750	0.93	1	0.6	0.2	NA	0.1	0.4	0.97	0.09	0.63	0.71	2025-05-21	Aba	gene_all_struct_class	gene	drug_class	all_genomic_context	#e6ab02	23
carbapenems	717	0.58	1	0.6	0.2	NA	0.1	0.6	0.94	0.77	0.92	0.93	2025-05-21	Aba	gene_all_struct_class	gene	drug_class	all_genomic_context	#e6ab02	23
cephalosporins	668	0.98	1	0.6	0.2	NA	1.00E-04	0	0.98	0.03	0.5	0.49	2025-05-21	Aba	gene_all_struct_class	gene	drug_class	all_genomic_context	#e6ab02	23
fluoroquinolones	739	0.93	1	0.6	0.2	NA	1.00E-04	0.4	0.98	0.1	0.68	0.79	2025-05-21	Aba	gene_all_struct_class	gene	drug_class	all_genomic_context	#e6ab02	23
penicillins/beta-lactamase-inhibitor	625	0.71	1	0.6	0.2	NA	0.1	0.2	0.91	0.45	0.83	0.84	2025-05-21	Aba	gene_all_struct_class	gene	drug_class	all_genomic_context	#e6ab02	23
tetracyclines	521	0.75	1	0.6	0.2	NA	1.00E-04	0.2	0.93	0.36	0.82	0.86	2025-05-21	Aba	gene_all_struct_class	gene	drug_class	all_genomic_context	#e6ab02	23
trimethoprim/sulfonamides	497	0.88	1	0.6	0.2	NA	0.04641588834	0.6	0.93	0.11	0.65	0.72	2025-05-21	Aba	gene_all_struct_class	gene	drug_class	all_genomic_context	#e6ab02	23
chloramphenicol	37	0.81	1	0.6	0.2	NA	1.00E-04	0	1	0.3	NA	NA	2025-05-19	Efa	gene_all_struct	gene	drug	all_genomic_context	#e6ab02	23
dalbavancin	44	0.77	1	0.6	0.2	NA	1.00E-04	0.2	0.86	0.29	0.68	0.68	2025-05-19	Efa	gene_all_struct	gene	drug	all_genomic_context	#e6ab02	23
daptomycin	251	0.19	1	0.6	0.2	NA	1.00E-04	1	0.64	2.11	0.74	0.79	2025-05-19	Efa	gene_all_struct	gene	drug	all_genomic_context	#e6ab02	23
gentamicin	210	0.33	1	0.6	0.2	NA	1.00E-04	0	0.93	1.53	0.95	0.95	2025-05-19	Efa	gene_all_struct	gene	drug	all_genomic_context	#e6ab02	23
linezolid	230	0.27	1	0.6	0.2	NA	1.00E-04	0.2	0.87	1.89	0.94	0.91	2025-05-19	Efa	gene_all_struct	gene	drug	all_genomic_context	#e6ab02	23
nitrofurantoin	40	0.85	1	0.6	0.2	NA	1.00E-04	0.2	0.94	0.23	0.5	NA	2025-05-19	Efa	gene_all_struct	gene	drug	all_genomic_context	#e6ab02	23
streptomycin	169	0.49	1	0.6	0.2	NA	1.00E-04	0	0.97	1.03	0.97	0.97	2025-05-19	Efa	gene_all_struct	gene	drug	all_genomic_context	#e6ab02	23
synercid	40	0.2	1	0.6	0.2	NA	1.00E-04	0	NA	1.98	0.5	NA	2025-05-19	Efa	gene_all_struct	gene	drug	all_genomic_context	#e6ab02	23
tedizolid	44	0.73	1	0.6	0.2	NA	1.00E-04	0	0.86	0.42	0.76	0.76	2025-05-19	Efa	gene_all_struct	gene	drug	all_genomic_context	#e6ab02	23
teicoplanin	153	0.82	1	0.6	0.2	NA	1.00E-04	0.4	1	0.29	1	1	2025-05-19	Efa	gene_all_struct	gene	drug	all_genomic_context	#e6ab02	23
tetracycline	12	0.5	1	0.6	0.2	NA	1.00E-04	0	0.67	0.66	0.5	NA	2025-05-19	Efa	gene_all_struct	gene	drug	all_genomic_context	#e6ab02	23
vancomycin	896	0.61	1	0.6	0.2	NA	0.0215443469	0.2	0.99	0.71	0.98	0.98	2025-05-19	Efa	gene_all_struct	gene	drug	all_genomic_context	#e6ab02	23
aminoglycosides	210	0.71	1	0.6	0.2	NA	1.00E-04	0.2	0.98	0.49	0.96	0.97	2025-05-19	Efa	gene_all_struct_class	gene	drug_class	all_genomic_context	#e6ab02	23
amphenicols	37	0.81	1	0.6	0.2	NA	1.00E-04	0	1	0.3	NA	NA	2025-05-19	Efa	gene_all_struct_class	gene	drug_class	all_genomic_context	#e6ab02	23
glycopeptides	896	0.61	1	0.6	0.2	NA	0.1	0.4	0.99	0.68	0.98	0.98	2025-05-19	Efa	gene_all_struct_class	gene	drug_class	all_genomic_context	#e6ab02	23
lipopeptides	251	0.19	1	0.6	0.2	NA	1.00E-04	1	0.64	2.11	0.74	0.79	2025-05-19	Efa	gene_all_struct_class	gene	drug_class	all_genomic_context	#e6ab02	23
macrolides	41	0.22	1	0.6	0.2	NA	1.00E-04	0	NA	2.18	0.5	NA	2025-05-19	Efa	gene_all_struct_class	gene	drug_class	all_genomic_context	#e6ab02	23
nitrofuran-derivatives	40	0.85	1	0.6	0.2	NA	1.00E-04	0.2	0.94	0.23	0.5	NA	2025-05-19	Efa	gene_all_struct_class	gene	drug_class	all_genomic_context	#e6ab02	23
oxazolidinones	230	0.27	1	0.6	0.2	NA	1.00E-04	0	0.96	1.87	0.99	0.97	2025-05-19	Efa	gene_all_struct_class	gene	drug_class	all_genomic_context	#e6ab02	23
tetracyclines	204	0.21	1	0.6	0.2	NA	1.00E-04	0	0.84	2.19	0.96	0.91	2025-05-19	Efa	gene_all_struct_class	gene	drug_class	all_genomic_context	#e6ab02	23
amikacin	184	0.09	1	0.6	0.2	NA	1.00E-04	1	0.57	2.98	0.8	0.77	2025-05-19	Esp.	gene_all_struct	gene	drug	all_genomic_context	#e6ab02	23
aminogycosides	112	0.24	1	0.6	0.2	NA	0.1	0.4	0.67	1.5	0.75	0.83	2025-05-19	Esp.	gene_all_struct	gene	drug	all_genomic_context	#e6ab02	23
beta-lactam	114	0.72	1	0.6	0.2	NA	1.00E-04	0	0.87	0.32	0.64	0.73	2025-05-19	Esp.	gene_all_struct	gene	drug	all_genomic_context	#e6ab02	23
carbapenem	65	0.49	1	0.6	0.2	NA	1.00E-04	0.2	1	1.03	1	1	2025-05-19	Esp.	gene_all_struct	gene	drug	all_genomic_context	#e6ab02	23
cefepime	103	0.67	1	0.6	0.2	NA	1.00E-04	1	0.76	0.43	0.61	0.61	2025-05-19	Esp.	gene_all_struct	gene	drug	all_genomic_context	#e6ab02	23
chloramphenicol	15	0.47	1	0.6	0.2	NA	1.00E-04	0	1	1.09	1	1	2025-05-19	Esp.	gene_all_struct	gene	drug	all_genomic_context	#e6ab02	23
ciprofloxacin	115	0.62	1	0.6	0.2	NA	1.00E-04	0	0.9	0.62	0.88	0.87	2025-05-19	Esp.	gene_all_struct	gene	drug	all_genomic_context	#e6ab02	23
doripenem	43	0.49	1	0.6	0.2	NA	1.00E-04	0	0.75	0.97	0.8	0.83	2025-05-19	Esp.	gene_all_struct	gene	drug	all_genomic_context	#e6ab02	23
ertapenem	223	0.89	1	0.6	0.2	NA	1.00E-04	0.4	0.95	0.12	0.48	0.48	2025-05-19	Esp.	gene_all_struct	gene	drug	all_genomic_context	#e6ab02	23
fluoroquinolones	112	0.28	1	0.6	0.2	NA	0.1	0.4	0.22	0.1	0.54	0.57	2025-05-19	Esp.	gene_all_struct	gene	drug	all_genomic_context	#e6ab02	23
gentamicin	164	0.48	1	0.6	0.2	NA	1.00E-04	0	0.77	0.84	0.79	0.79	2025-05-19	Esp.	gene_all_struct	gene	drug	all_genomic_context	#e6ab02	23
imipenem	90	0.66	1	0.6	0.2	NA	0.0215443469	0.4	0.83	0.54	0.64	0.72	2025-05-19	Esp.	gene_all_struct	gene	drug	all_genomic_context	#e6ab02	23
levofloxacin	99	0.57	1	0.6	0.2	NA	1.00E-04	0.2	0.87	0.72	0.86	0.86	2025-05-19	Esp.	gene_all_struct	gene	drug	all_genomic_context	#e6ab02	23
meropenem	154	0.31	1	0.6	0.2	NA	1.00E-04	0	0.27	0.8	0.53	0.54	2025-05-19	Esp.	gene_all_struct	gene	drug	all_genomic_context	#e6ab02	23
piperacillin/tazobactam	190	0.93	1	0.6	0.2	NA	1.00E-04	0.2	0.96	0.09	0.49	0.48	2025-05-19	Esp.	gene_all_struct	gene	drug	all_genomic_context	#e6ab02	23
tetracycline	65	0.37	1	0.6	0.2	NA	1.00E-04	0.2	0.73	1.2	0.79	0.78	2025-05-19	Esp.	gene_all_struct	gene	drug	all_genomic_context	#e6ab02	23
tigecycline	128	0.27	1	0.6	0.2	NA	0.04641588834	1	0.46	1.1	0.64	0.64	2025-05-19	Esp.	gene_all_struct	gene	drug	all_genomic_context	#e6ab02	23
tobramycin	158	0.66	1	0.6	0.2	NA	1.00E-04	0	0.78	0.49	0.79	0.77	2025-05-19	Esp.	gene_all_struct	gene	drug	all_genomic_context	#e6ab02	23
trimethoprim/sulfamethoxazole	89	0.53	1	0.6	0.2	NA	1.00E-04	0.4	0.91	0.92	0.89	0.9	2025-05-19	Esp.	gene_all_struct	gene	drug	all_genomic_context	#e6ab02	23
trimotheprim	112	0.29	1	0.6	0.2	NA	1.00E-04	0.2	0.44	1.31	0.64	0.73	2025-05-19	Esp.	gene_all_struct	gene	drug	all_genomic_context	#e6ab02	23
aminoglycosides	211	0.62	1	0.6	0.2	NA	1.00E-04	0	0.88	0.66	0.79	0.84	2025-05-20	Esp.	gene_all_struct_class	gene	drug_class	all_genomic_context	#e6ab02	23
amphenicols	15	0.47	1	0.6	0.2	NA	1.00E-04	0	0.8	0.75	0.75	0.79	2025-05-20	Esp.	gene_all_struct_class	gene	drug_class	all_genomic_context	#e6ab02	23
carbapenems	257	0.83	1	0.6	0.2	NA	0.1	1	0.87	0.02	0.5	NA	2025-05-20	Esp.	gene_all_struct_class	gene	drug_class	all_genomic_context	#e6ab02	23
fluoroquinolones	117	0.62	1	0.6	0.2	NA	1.00E-04	0.8	0.85	0.66	0.74	0.77	2025-05-20	Esp.	gene_all_struct_class	gene	drug_class	all_genomic_context	#e6ab02	23
tetracyclines	163	0.35	1	0.6	0.2	NA	1.00E-04	1	0.33	-0.18	0.48	0.48	2025-05-20	Esp.	gene_all_struct_class	gene	drug_class	all_genomic_context	#e6ab02	23
trimethoprim/sulfonamides	89	0.53	1	0.6	0.2	NA	0.04641588834	0.8	0.86	0.86	0.84	0.84	2025-05-20	Esp.	gene_all_struct_class	gene	drug_class	all_genomic_context	#e6ab02	23
amikacin	2664	0.16	1	0.6	0.2	NA	0.004641588834	0.6	0.74	2.38	0.83	0.85	2025-05-24	Kpn	gene_all_struct	gene	drug	all_genomic_context	#e6ab02	23
aminogycosides	127	0.61	1	0.6	0.2	NA	0.1	0.8	0.97	0.68	0.97	0.96	2025-05-24	Kpn	gene_all_struct	gene	drug	all_genomic_context	#e6ab02	23
amoxicillin/clavulanic acid	864	0.79	1	0.6	0.2	NA	1.00E-04	0	0.96	0.33	0.86	0.89	2025-05-24	Kpn	gene_all_struct	gene	drug	all_genomic_context	#e6ab02	23
ampicillin/sulbactam	1897	0.87	1	0.6	0.2	NA	1.00E-04	0	0.95	0.2	0.75	0.81	2025-05-24	Kpn	gene_all_struct	gene	drug	all_genomic_context	#e6ab02	23
aztreonam	2289	0.82	1	0.6	0.2	NA	1.00E-04	0	0.93	0.24	0.77	0.81	2025-05-24	Kpn	gene_all_struct	gene	drug	all_genomic_context	#e6ab02	23
beta-lactam	127	0.66	1	0.6	0.2	NA	0.1	0.6	0.94	0.58	0.92	0.92	2025-05-24	Kpn	gene_all_struct	gene	drug	all_genomic_context	#e6ab02	23
carbenicillin	89	0.94	1	0.6	0.2	NA	1.00E-04	0	0.94	0.07	0.5	NA	2025-05-24	Kpn	gene_all_struct	gene	drug	all_genomic_context	#e6ab02	23
cefazolin	2370	0.82	1	0.6	0.2	NA	1.00E-04	0	0.97	0.29	0.88	0.9	2025-05-24	Kpn	gene_all_struct	gene	drug	all_genomic_context	#e6ab02	23
cefepime	2264	0.63	1	0.6	0.2	NA	0.0215443469	1	0.86	0.53	0.79	0.8	2025-05-24	Kpn	gene_all_struct	gene	drug	all_genomic_context	#e6ab02	23
cefotaxime	1422	0.71	1	0.6	0.2	NA	1.00E-04	0.2	0.94	0.48	0.89	0.9	2025-05-24	Kpn	gene_all_struct	gene	drug	all_genomic_context	#e6ab02	23
cefotetan	144	0.27	1	0.6	0.2	NA	1.00E-04	0.2	0.86	1.8	0.88	0.91	2025-05-24	Kpn	gene_all_struct	gene	drug	all_genomic_context	#e6ab02	23
cefoxitin	2253	0.54	1	0.6	0.2	NA	1.00E-04	0.2	0.85	0.8	0.85	0.85	2025-05-24	Kpn	gene_all_struct	gene	drug	all_genomic_context	#e6ab02	23
cefpodoxime	294	0.74	1	0.6	0.2	NA	0.01	1	0.83	0.27	0.6	0.62	2025-05-24	Kpn	gene_all_struct	gene	drug	all_genomic_context	#e6ab02	23
cefpodoxime_clavulanic_acid	188	0.87	1	0.6	0.2	NA	1.00E-04	0	0.93	0.19	0.58	0.69	2025-05-24	Kpn	gene_all_struct	gene	drug	all_genomic_context	#e6ab02	23
ceftazidime	3281	0.72	1	0.6	0.2	NA	1.00E-04	0	0.96	0.46	0.92	0.93	2025-05-24	Kpn	gene_all_struct	gene	drug	all_genomic_context	#e6ab02	23
ceftazidime/avibactam	327	0.25	1	0.6	0.2	NA	0.04641588834	1	0.87	1.88	0.88	0.92	2025-05-24	Kpn	gene_all_struct	gene	drug	all_genomic_context	#e6ab02	23
ceftolozane/tazobactam	147	0.62	1	0.6	0.2	NA	0.1	0.4	0.87	0.6	0.82	0.83	2025-05-24	Kpn	gene_all_struct	gene	drug	all_genomic_context	#e6ab02	23
ceftriaxone	2340	0.82	1	0.6	0.2	NA	0.01	1	0.97	0.29	0.91	0.93	2025-05-24	Kpn	gene_all_struct	gene	drug	all_genomic_context	#e6ab02	23
ceftriaxone/cefpodoxime	53	0.51	1	0.6	0.2	NA	0.04641588834	0.8	0.73	0.77	0.75	0.75	2025-05-24	Kpn	gene_all_struct	gene	drug	all_genomic_context	#e6ab02	23
cefuroxime	1668	0.93	1	0.6	0.2	NA	0.1	0.2	0.98	0.1	0.77	0.83	2025-05-24	Kpn	gene_all_struct	gene	drug	all_genomic_context	#e6ab02	23
cephalothin	168	0.79	1	0.6	0.2	NA	1.00E-04	0	0.87	0.25	0.5	NA	2025-05-24	Kpn	gene_all_struct	gene	drug	all_genomic_context	#e6ab02	23
chloramphenicol	329	0.69	1	0.6	0.2	NA	1.00E-04	0	0.85	0.43	0.73	0.75	2025-05-24	Kpn	gene_all_struct	gene	drug	all_genomic_context	#e6ab02	23
ciprofloxacin	3558	0.68	1	0.6	0.2	NA	1.00E-04	0.2	0.95	0.54	0.93	0.93	2025-05-24	Kpn	gene_all_struct	gene	drug	all_genomic_context	#e6ab02	23
colistin	1266	0.23	1	0.6	0.2	NA	1.00E-04	0.6	0.66	1.71	0.78	0.79	2025-05-24	Kpn	gene_all_struct	gene	drug	all_genomic_context	#e6ab02	23
doripenem	233	0.89	1	0.6	0.2	NA	0.04641588834	0.2	0.91	-0.02	0.49	0.47	2025-05-24	Kpn	gene_all_struct	gene	drug	all_genomic_context	#e6ab02	23
doxycycline	141	0.32	1	0.6	0.2	NA	1.00E-04	0.2	0.67	1.27	0.75	0.79	2025-05-24	Kpn	gene_all_struct	gene	drug	all_genomic_context	#e6ab02	23
ertapenem	1382	0.65	1	0.6	0.2	NA	0.1	0.2	0.97	0.62	0.96	0.95	2025-05-24	Kpn	gene_all_struct	gene	drug	all_genomic_context	#e6ab02	23
extended spectrum beta lactamase	403	0.42	1	0.6	0.2	NA	0.04641588834	0.4	0.87	1.21	0.89	0.9	2025-05-24	Kpn	gene_all_struct	gene	drug	all_genomic_context	#e6ab02	23
fluoroquinolones	127	0.57	1	0.6	0.2	NA	0.1	1	0.76	0.54	0.66	0.68	2025-05-24	Kpn	gene_all_struct	gene	drug	all_genomic_context	#e6ab02	23
fosfomycin	270	0.26	1	0.6	0.2	NA	1.00E-04	0.2	0.58	1.37	0.71	0.75	2025-05-24	Kpn	gene_all_struct	gene	drug	all_genomic_context	#e6ab02	23
gentamicin	3662	0.38	1	0.6	0.2	NA	0.01	0.8	0.9	1.31	0.92	0.92	2025-05-24	Kpn	gene_all_struct	gene	drug	all_genomic_context	#e6ab02	23
imipenem	2199	0.46	1	0.6	0.2	NA	1.00E-04	0.2	0.92	1.06	0.93	0.93	2025-05-24	Kpn	gene_all_struct	gene	drug	all_genomic_context	#e6ab02	23
kanamycin	82	0.93	1	0.6	0.2	NA	1.00E-04	0	1	0.1	NA	NA	2025-05-24	Kpn	gene_all_struct	gene	drug	all_genomic_context	#e6ab02	23
levofloxacin	2009	0.79	1	0.6	0.2	NA	1.00E-04	0	0.95	0.33	0.87	0.88	2025-05-24	Kpn	gene_all_struct	gene	drug	all_genomic_context	#e6ab02	23
meropenem	3520	0.33	1	0.6	0.2	NA	0.01	0.4	0.89	1.53	0.91	0.92	2025-05-24	Kpn	gene_all_struct	gene	drug	all_genomic_context	#e6ab02	23
minocycline	87	0.22	1	0.6	0.2	NA	1.00E-04	0	0.8	2.13	0.86	0.86	2025-05-24	Kpn	gene_all_struct	gene	drug	all_genomic_context	#e6ab02	23
moxifloxacin	92	0.42	1	0.6	0.2	NA	1.00E-04	1	0.17	0.16	0.43	0.41	2025-05-24	Kpn	gene_all_struct	gene	drug	all_genomic_context	#e6ab02	23
nalidixic acid	157	0.64	1	0.6	0.2	NA	1.00E-04	0.4	0.8	0.49	0.66	0.69	2025-05-24	Kpn	gene_all_struct	gene	drug	all_genomic_context	#e6ab02	23
nitrofurantoin	1123	0.82	1	0.6	0.2	NA	0.1	0.4	0.89	0.24	0.67	0.72	2025-05-24	Kpn	gene_all_struct	gene	drug	all_genomic_context	#e6ab02	23
norfloxacin	186	0.15	1	0.6	0.2	NA	1.00E-04	0.2	0.75	2.74	0.8	0.88	2025-05-24	Kpn	gene_all_struct	gene	drug	all_genomic_context	#e6ab02	23
piperacillin/tazobactam	2505	0.68	1	0.6	0.2	NA	1.00E-04	0	0.92	0.48	0.86	0.87	2025-05-24	Kpn	gene_all_struct	gene	drug	all_genomic_context	#e6ab02	23
polymyxin B	233	0.21	1	0.6	0.2	NA	1.00E-04	0.2	0.86	2.22	0.88	0.92	2025-05-24	Kpn	gene_all_struct	gene	drug	all_genomic_context	#e6ab02	23
streptomycin	74	0.69	1	0.6	0.2	NA	1.00E-04	0	1	0.54	1	1	2025-05-24	Kpn	gene_all_struct	gene	drug	all_genomic_context	#e6ab02	23
tetracycline	1705	0.53	1	0.6	0.2	NA	0.04641588834	0.8	0.78	0.78	0.8	0.8	2025-05-24	Kpn	gene_all_struct	gene	drug	all_genomic_context	#e6ab02	23
ticarcillin/clavulanic acid	239	0.42	1	0.6	0.2	NA	1.00E-04	0	0.95	1.24	0.96	0.96	2025-05-24	Kpn	gene_all_struct	gene	drug	all_genomic_context	#e6ab02	23
tigecycline	1114	0.23	1	0.6	0.2	NA	0.0215443469	0.2	0.62	1.69	0.74	0.76	2025-05-24	Kpn	gene_all_struct	gene	drug	all_genomic_context	#e6ab02	23
tobramycin	2179	0.58	1	0.6	0.2	NA	0.04641588834	0.4	0.91	0.71	0.89	0.9	2025-05-24	Kpn	gene_all_struct	gene	drug	all_genomic_context	#e6ab02	23
trimethoprim	251	0.44	1	0.6	0.2	NA	1.00E-04	0	0.86	0.98	0.88	0.88	2025-05-24	Kpn	gene_all_struct	gene	drug	all_genomic_context	#e6ab02	23
trimethoprim/sulfamethoxazole	3317	0.67	1	0.6	0.2	NA	0.0215443469	0.6	0.92	0.53	0.88	0.87	2025-05-24	Kpn	gene_all_struct	gene	drug	all_genomic_context	#e6ab02	23
trimethoprim/sulfobactam	225	0.33	1	0.6	0.2	NA	1.00E-04	0.4	0.89	1.56	0.9	0.93	2025-05-24	Kpn	gene_all_struct	gene	drug	all_genomic_context	#e6ab02	23
trimotheprim	127	0.72	1	0.6	0.2	NA	1.00E-04	0	0.79	0.12	0.45	0.41	2025-05-24	Kpn	gene_all_struct	gene	drug	all_genomic_context	#e6ab02	23
aminoglycosides	3860	0.56	1	0.6	0.2	NA	0.0215443469	0.8	0.89	0.76	0.88	0.88	2025-05-23	Kpn	gene_all_struct_class	gene	drug_class	all_genomic_context	#e6ab02	23
amphenicols	342	0.7	1	0.6	0.2	NA	0.04641588834	1	0.88	0.47	0.77	0.79	2025-05-23	Kpn	gene_all_struct_class	gene	drug_class	all_genomic_context	#e6ab02	23
carbapenems	3816	0.39	1	0.6	0.2	NA	0.01	0.8	0.92	1.31	0.93	0.93	2025-05-23	Kpn	gene_all_struct_class	gene	drug_class	all_genomic_context	#e6ab02	23
cephalosporins	2914	0.83	1	0.6	0.2	NA	1.00E-04	0	0.96	0.27	0.85	0.87	2025-05-23	Kpn	gene_all_struct_class	gene	drug_class	all_genomic_context	#e6ab02	23
fluoroquinolones	3608	0.67	1	0.6	0.2	NA	1.00E-04	0.8	0.94	0.56	0.91	0.91	2025-05-23	Kpn	gene_all_struct_class	gene	drug_class	all_genomic_context	#e6ab02	23
monobactams	2289	0.83	1	0.6	0.2	NA	1.00E-04	0	0.95	0.24	0.79	0.85	2025-05-23	Kpn	gene_all_struct_class	gene	drug_class	all_genomic_context	#e6ab02	23
nitrofuran-derivatives	1123	0.82	1	0.6	0.2	NA	1.00E-04	0	0.95	0.26	0.74	0.79	2025-05-23	Kpn	gene_all_struct_class	gene	drug_class	all_genomic_context	#e6ab02	23
penicillins/beta-lactamase-inhibitor	2863	0.82	1	0.6	0.2	NA	1.00E-04	0	0.96	0.27	0.83	0.87	2025-05-23	Kpn	gene_all_struct_class	gene	drug_class	all_genomic_context	#e6ab02	23
phosphonic acid antibacterial	270	0.26	1	0.6	0.2	NA	1.00E-04	0.2	0.58	1.37	0.71	0.75	2025-05-23	Kpn	gene_all_struct_class	gene	drug_class	all_genomic_context	#e6ab02	23
polymyxin	1422	0.23	1	0.6	0.2	NA	0.004641588834	1	0.59	1.52	0.72	0.75	2025-05-23	Kpn	gene_all_struct_class	gene	drug_class	all_genomic_context	#e6ab02	23
quinolones	157	0.64	1	0.6	0.2	NA	1.00E-04	0.4	0.8	0.49	0.66	0.69	2025-05-23	Kpn	gene_all_struct_class	gene	drug_class	all_genomic_context	#e6ab02	23
tetracyclines	2665	0.44	1	0.6	0.2	NA	0.01	0.8	0.77	0.95	0.8	0.81	2025-05-23	Kpn	gene_all_struct_class	gene	drug_class	all_genomic_context	#e6ab02	23
trimethoprim-derivatives	251	0.44	1	0.6	0.2	NA	1.00E-04	0	0.86	0.98	0.88	0.88	2025-05-23	Kpn	gene_all_struct_class	gene	drug_class	all_genomic_context	#e6ab02	23
trimethoprim/sulfonamides	3317	0.67	1	0.6	0.2	NA	0.04641588834	0.2	0.92	0.55	0.88	0.88	2025-05-23	Kpn	gene_all_struct_class	gene	drug_class	all_genomic_context	#e6ab02	23
amikacin	694	0.18	1	0.6	0.2	NA	0.04641588834	0.2	0.62	1.92	0.74	0.78	2025-05-22	Pae	gene_all_struct	gene	drug	all_genomic_context	#e6ab02	23
aztreonam	217	0.49	1	0.6	0.2	NA	1.00E-04	0	0.67	0.67	0.69	0.69	2025-05-22	Pae	gene_all_struct	gene	drug	all_genomic_context	#e6ab02	23
cefepime	254	0.47	1	0.6	0.2	NA	0.1	1	0.67	0.3	0.67	0.67	2025-05-22	Pae	gene_all_struct	gene	drug	all_genomic_context	#e6ab02	23
ceftazidime	829	0.46	1	0.6	0.2	NA	0.004641588834	0.8	0.67	0.74	0.7	0.7	2025-05-22	Pae	gene_all_struct	gene	drug	all_genomic_context	#e6ab02	23
ceftazidime/avibactam	282	0.46	1	0.6	0.2	NA	0.04641588834	0.4	0.74	0.87	0.78	0.79	2025-05-22	Pae	gene_all_struct	gene	drug	all_genomic_context	#e6ab02	23
ceftolozane/tazobactam	235	0.53	1	0.6	0.2	NA	0.04641588834	0.8	0.79	0.76	0.77	0.77	2025-05-22	Pae	gene_all_struct	gene	drug	all_genomic_context	#e6ab02	23
ciprofloxacin	677	0.54	1	0.6	0.2	NA	1.00E-04	0	0.76	0.74	0.75	0.75	2025-05-22	Pae	gene_all_struct	gene	drug	all_genomic_context	#e6ab02	23
doripenem	68	0.71	1	0.6	0.2	NA	0.0215443469	0.4	0.87	0.23	0.62	0.72	2025-05-22	Pae	gene_all_struct	gene	drug	all_genomic_context	#e6ab02	23
gentamicin	365	0.27	1	0.6	0.2	NA	0.01	1	0.68	1.29	0.78	0.78	2025-05-22	Pae	gene_all_struct	gene	drug	all_genomic_context	#e6ab02	23
imipenem	449	0.51	1	0.6	0.2	NA	1.00E-04	0.6	0.76	0.67	0.75	0.75	2025-05-22	Pae	gene_all_struct	gene	drug	all_genomic_context	#e6ab02	23
levofloxacin	684	0.47	1	0.6	0.2	NA	1.00E-04	0.2	0.75	0.84	0.78	0.79	2025-05-22	Pae	gene_all_struct	gene	drug	all_genomic_context	#e6ab02	23
meropenem	835	0.55	1	0.6	0.2	NA	0.01	0.8	0.68	0.49	0.67	0.67	2025-05-22	Pae	gene_all_struct	gene	drug	all_genomic_context	#e6ab02	23
piperacillin	143	0.17	1	0.6	0.2	NA	1.00E-04	0	0	-0.63	0.46	0.46	2025-05-22	Pae	gene_all_struct	gene	drug	all_genomic_context	#e6ab02	23
piperacillin/tazobactam	214	0.39	1	0.6	0.2	NA	1.00E-04	0	0.74	1.16	0.79	0.84	2025-05-22	Pae	gene_all_struct	gene	drug	all_genomic_context	#e6ab02	23
tobramycin	606	0.29	1	0.6	0.2	NA	1.00E-04	0	0.78	1.53	0.82	0.87	2025-05-22	Pae	gene_all_struct	gene	drug	all_genomic_context	#e6ab02	23
aminoglycosides	1059	0.33	1	0.6	0.2	NA	1.00E-04	0.4	0.76	1.42	0.81	0.84	2025-05-21	Pae	gene_all_struct_class	gene	drug_class	all_genomic_context	#e6ab02	23
carbapenems	1068	0.54	1	0.6	0.2	NA	1.00E-04	0.4	0.76	0.65	0.74	0.74	2025-05-21	Pae	gene_all_struct_class	gene	drug_class	all_genomic_context	#e6ab02	23
cephalosporins	261	0.49	1	0.6	0.2	NA	0.04641588834	0.6	0.54	0.43	0.58	0.58	2025-05-21	Pae	gene_all_struct_class	gene	drug_class	all_genomic_context	#e6ab02	23
fluoroquinolones	1011	0.52	1	0.6	0.2	NA	0.04641588834	0.2	0.72	0.71	0.73	0.73	2025-05-21	Pae	gene_all_struct_class	gene	drug_class	all_genomic_context	#e6ab02	23
monobactams	217	0.49	1	0.6	0.2	NA	1.00E-04	0	0.67	0.67	0.69	0.69	2025-05-21	Pae	gene_all_struct_class	gene	drug_class	all_genomic_context	#e6ab02	23
penicillins	244	0.52	1	0.6	0.2	NA	1.00E-04	0	0.94	0.88	0.94	0.94	2025-05-21	Pae	gene_all_struct_class	gene	drug_class	all_genomic_context	#e6ab02	23
penicillins/beta-lactamase-inhibitor	218	0.41	1	0.6	0.2	NA	1.00E-04	0	0.75	1.09	0.79	0.81	2025-05-21	Pae	gene_all_struct_class	gene	drug_class	all_genomic_context	#e6ab02	23
polymyxin	557	0.02	1	0.6	0.2	NA	1.00E-04	0.2	0	-Inf	0.5	0.5	2025-05-21	Pae	gene_all_struct_class	gene	drug_class	all_genomic_context	#e6ab02	23
amoxicillin/clavulanic acid	18	0.5	1	0.6	0.2	NA	1.00E-04	0	0.5	-0.25	0.5	0.5	2025-05-19	Sau	gene_all_struct	gene	drug	all_genomic_context	#e6ab02	23
cefoxitin	1034	0.78	1	0.6	0.2	NA	1.00E-04	0	0.99	0.36	0.98	0.99	2025-05-19	Sau	gene_all_struct	gene	drug	all_genomic_context	#e6ab02	23
chloramphenicol	784	0.04	1	0.6	0.2	NA	1.00E-04	0.6	0.8	4.46	0.9	0.9	2025-05-19	Sau	gene_all_struct	gene	drug	all_genomic_context	#e6ab02	23
ciprofloxacin	2209	0.46	1	0.6	0.2	NA	1.00E-04	0.2	0.87	1.05	0.88	0.89	2025-05-19	Sau	gene_all_struct	gene	drug	all_genomic_context	#e6ab02	23
clindamycin	1086	0.38	1	0.6	0.2	NA	0.0215443469	1	0.87	1.32	0.89	0.9	2025-05-19	Sau	gene_all_struct	gene	drug	all_genomic_context	#e6ab02	23
erythromycin	2351	0.37	1	0.6	0.2	NA	0.0215443469	0.8	0.81	1.3	0.85	0.85	2025-05-19	Sau	gene_all_struct	gene	drug	all_genomic_context	#e6ab02	23
florfenicol	17	0.53	1	0.6	0.2	NA	1.00E-04	0	1	0.92	1	1	2025-05-19	Sau	gene_all_struct	gene	drug	all_genomic_context	#e6ab02	23
fusidic acid	1956	0.15	1	0.6	0.2	NA	0.04641588834	0.4	0.84	2.49	0.87	0.92	2025-05-19	Sau	gene_all_struct	gene	drug	all_genomic_context	#e6ab02	23
gentamicin	2382	0.12	1	0.6	0.2	NA	1.00E-04	0.4	0.9	2.95	0.93	0.94	2025-05-19	Sau	gene_all_struct	gene	drug	all_genomic_context	#e6ab02	23
kanamycin	58	0.31	1	0.6	0.2	NA	1.00E-04	0	1	1.69	1	1	2025-05-19	Sau	gene_all_struct	gene	drug	all_genomic_context	#e6ab02	23
levofloxacin	281	0.1	1	0.6	0.2	NA	1.00E-04	0	0.5	3.12	0.67	0.77	2025-05-19	Sau	gene_all_struct	gene	drug	all_genomic_context	#e6ab02	23
methicillin	1898	0.58	1	0.6	0.2	NA	1.00E-04	0.4	0.99	0.79	0.98	0.98	2025-05-19	Sau	gene_all_struct	gene	drug	all_genomic_context	#e6ab02	23
mupirocin	1292	0.03	1	0.6	0.2	NA	0.04641588834	0.4	0.5	4.06	0.75	0.75	2025-05-19	Sau	gene_all_struct	gene	drug	all_genomic_context	#e6ab02	23
oxacillin	610	0.24	1	0.6	0.2	NA	0.04641588834	0.6	0.86	1.97	0.92	0.91	2025-05-19	Sau	gene_all_struct	gene	drug	all_genomic_context	#e6ab02	23
penicillin	1358	0.88	1	0.6	0.2	NA	0.0215443469	1	0.98	0.17	0.9	0.91	2025-05-19	Sau	gene_all_struct	gene	drug	all_genomic_context	#e6ab02	23
rifampin	1990	0.02	1	0.6	0.2	NA	1.00E-04	0	NA	0	0.5	NA	2025-05-19	Sau	gene_all_struct	gene	drug	all_genomic_context	#e6ab02	23
tetracycline	1992	0.17	1	0.6	0.2	NA	0.004641588834	1	0.8	2.32	0.86	0.88	2025-05-19	Sau	gene_all_struct	gene	drug	all_genomic_context	#e6ab02	23
tiamulin	17	0.59	1	0.6	0.2	NA	1.00E-04	0	1	0.76	1	1	2025-05-19	Sau	gene_all_struct	gene	drug	all_genomic_context	#e6ab02	23
tigecycline	21	0.48	1	0.6	0.2	NA	1.00E-04	0.2	1	1.06	1	1	2025-05-19	Sau	gene_all_struct	gene	drug	all_genomic_context	#e6ab02	23
tobramycin	62	0.29	1	0.6	0.2	NA	1.00E-04	0	1	1.79	1	1	2025-05-19	Sau	gene_all_struct	gene	drug	all_genomic_context	#e6ab02	23
trimethoprim	559	0.04	1	0.6	0.2	NA	1.00E-04	0.2	0.5	2.17	0.74	0.74	2025-05-19	Sau	gene_all_struct	gene	drug	all_genomic_context	#e6ab02	23
trimethoprim/sulfamethoxazole	719	0.25	1	0.6	0.2	NA	1.00E-04	0.4	0.84	1.85	0.88	0.9	2025-05-19	Sau	gene_all_struct	gene	drug	all_genomic_context	#e6ab02	23
vancomycin	1343	0.03	1	0.6	0.2	NA	1.00E-04	0	1	5.06	1	1	2025-05-19	Sau	gene_all_struct	gene	drug	all_genomic_context	#e6ab02	23
aminoacyl-trna synthetase inhibitor	1292	0.03	1	0.6	0.2	NA	0.0215443469	0.6	0.67	4.62	0.77	0.84	2025-05-20	Sau	gene_all_struct_class	gene	drug_class	all_genomic_context	#e6ab02	23
aminoglycosides	2382	0.12	1	0.6	0.2	NA	0.01	1	0.92	2.97	0.94	0.95	2025-05-20	Sau	gene_all_struct_class	gene	drug_class	all_genomic_context	#e6ab02	23
amphenicols	801	0.05	1	0.6	0.2	NA	1.00E-04	1	0.67	3.91	0.85	0.83	2025-05-20	Sau	gene_all_struct_class	gene	drug_class	all_genomic_context	#e6ab02	23
cephalosporins	1052	0.78	1	0.6	0.2	NA	1.00E-04	0.2	0.98	0.36	0.98	0.97	2025-05-20	Sau	gene_all_struct_class	gene	drug_class	all_genomic_context	#e6ab02	23
fluoroquinolones	2481	0.42	1	0.6	0.2	NA	1.00E-04	0.2	0.91	1.21	0.92	0.92	2025-05-20	Sau	gene_all_struct_class	gene	drug_class	all_genomic_context	#e6ab02	23
fusidane	1956	0.15	1	0.6	0.2	NA	0.0215443469	1	0.85	2.55	0.87	0.91	2025-05-20	Sau	gene_all_struct_class	gene	drug_class	all_genomic_context	#e6ab02	23
glycopeptides	1343	0.03	1	0.6	0.2	NA	1.00E-04	0	1	5.06	1	1	2025-05-20	Sau	gene_all_struct_class	gene	drug_class	all_genomic_context	#e6ab02	23
lincosamides	1086	0.38	1	0.6	0.2	NA	1.00E-04	0	0.81	1.24	0.84	0.86	2025-05-20	Sau	gene_all_struct_class	gene	drug_class	all_genomic_context	#e6ab02	23
macrolides	2351	0.37	1	0.6	0.2	NA	0.1	0.2	0.82	1.28	0.85	0.85	2025-05-20	Sau	gene_all_struct_class	gene	drug_class	all_genomic_context	#e6ab02	23
penicillins	2510	0.87	1	0.6	0.2	NA	0.01	1	0.98	0.2	0.91	0.91	2025-05-20	Sau	gene_all_struct_class	gene	drug_class	all_genomic_context	#e6ab02	23
penicillins/beta-lactamase-inhibitor	18	0.5	1	0.6	0.2	NA	1.00E-04	0	0.5	-0.25	0.5	0.5	2025-05-20	Sau	gene_all_struct_class	gene	drug_class	all_genomic_context	#e6ab02	23
pleuromutilin	17	0.59	1	0.6	0.2	NA	1.00E-04	0	1	0.76	1	1	2025-05-20	Sau	gene_all_struct_class	gene	drug_class	all_genomic_context	#e6ab02	23
rifamycins	1990	0.02	1	0.6	0.2	NA	1.00E-04	0.2	0	2.91	0.5	0.5	2025-05-20	Sau	gene_all_struct_class	gene	drug_class	all_genomic_context	#e6ab02	23
tetracyclines	2011	0.16	1	0.6	0.2	NA	0.0215443469	0.8	0.81	2.48	0.84	0.9	2025-05-20	Sau	gene_all_struct_class	gene	drug_class	all_genomic_context	#e6ab02	23
trimethoprim-derivatives	559	0.04	1	0.6	0.2	NA	1.00E-04	0.2	0.5	2.17	0.74	0.74	2025-05-20	Sau	gene_all_struct_class	gene	drug_class	all_genomic_context	#e6ab02	23
trimethoprim/sulfonamides	719	0.25	1	0.6	0.2	NA	1.00E-04	0.2	0.84	1.88	0.87	0.91	2025-05-20	Sau	gene_all_struct_class	gene	drug_class	all_genomic_context	#e6ab02	23
amikacin	670	0.66	1	0.6	0.2	NA	0.04641588834	0.4	0.86	0.51	0.77	0.78	2025-05-20	Aba	domain_all_count	domain	drug	all_count	#66a61e	21
ampicillin/sulbactam	464	0.56	1	0.6	0.2	NA	1.00E-04	0	0.92	0.81	0.9	0.9	2025-05-20	Aba	domain_all_count	domain	drug	all_count	#66a61e	21
cefepime	201	0.94	1	0.6	0.2	NA	0.0215443469	0.6	0.98	0.09	NA	NA	2025-05-20	Aba	domain_all_count	domain	drug	all_count	#66a61e	21
cefotaxime	398	0.97	1	0.6	0.2	NA	1.00E-04	0	0.99	0.04	0.5	NA	2025-05-20	Aba	domain_all_count	domain	drug	all_count	#66a61e	21
ceftazidime	642	0.88	1	0.6	0.2	NA	1.00E-04	0.2	0.95	0.17	0.77	0.77	2025-05-20	Aba	domain_all_count	domain	drug	all_count	#66a61e	21
ceftriaxone	522	0.95	1	0.6	0.2	NA	1.00E-04	1	0.98	0.04	0.83	0.87	2025-05-20	Aba	domain_all_count	domain	drug	all_count	#66a61e	21
ciprofloxacin	737	0.93	1	0.6	0.2	NA	1.00E-04	0.2	0.97	0.1	0.64	0.75	2025-05-20	Aba	domain_all_count	domain	drug	all_count	#66a61e	21
doripenem	70	0.4	1	0.6	0.2	NA	1.00E-04	0.2	0.91	1.28	0.92	0.93	2025-05-20	Aba	domain_all_count	domain	drug	all_count	#66a61e	21
doxycycline	32	0.66	1	0.6	0.2	NA	0.01	0.8	0.77	0.48	0.5	NA	2025-05-20	Aba	domain_all_count	domain	drug	all_count	#66a61e	21
gentamicin	721	0.9	1	0.6	0.2	NA	1.00E-04	0.6	0.97	0.12	0.71	0.79	2025-05-20	Aba	domain_all_count	domain	drug	all_count	#66a61e	21
imipenem	666	0.55	1	0.6	0.2	NA	0.0215443469	0.2	0.91	0.79	0.9	0.9	2025-05-20	Aba	domain_all_count	domain	drug	all_count	#66a61e	21
levofloxacin	401	0.84	1	0.6	0.2	NA	1.00E-04	0.2	0.96	0.24	0.84	0.88	2025-05-20	Aba	domain_all_count	domain	drug	all_count	#66a61e	21
meropenem	318	0.76	1	0.6	0.2	NA	0.0215443469	0.8	0.92	0.34	0.76	0.81	2025-05-20	Aba	domain_all_count	domain	drug	all_count	#66a61e	21
minocycline	64	0.16	1	0.6	0.2	NA	1.00E-04	0	NA	0.17	0.5	NA	2025-05-20	Aba	domain_all_count	domain	drug	all_count	#66a61e	21
piperacillin/tazobactam	252	0.98	1	0.6	0.2	NA	1.00E-04	0	0.99	0.03	0.5	NA	2025-05-20	Aba	domain_all_count	domain	drug	all_count	#66a61e	21
tetracycline	472	0.8	1	0.6	0.2	NA	0.01	0.8	0.98	0.31	0.94	0.95	2025-05-20	Aba	domain_all_count	domain	drug	all_count	#66a61e	21
tobramycin	537	0.72	1	0.6	0.2	NA	0.1	0.2	0.9	0.43	0.76	0.81	2025-05-20	Aba	domain_all_count	domain	drug	all_count	#66a61e	21
trimethoprim/sulfamethoxazole	497	0.88	1	0.6	0.2	NA	1.00E-04	0.8	0.96	0.16	0.72	0.76	2025-05-20	Aba	domain_all_count	domain	drug	all_count	#66a61e	21
aminoglycosides	750	0.93	1	0.6	0.2	NA	0.1	0.4	0.97	0.09	0.59	0.71	2025-05-21	Aba	domain_all_count_class	domain	drug_class	all_count	#66a61e	21
carbapenems	717	0.58	1	0.6	0.2	NA	0.04641588834	0.2	0.93	0.77	0.91	0.91	2025-05-21	Aba	domain_all_count_class	domain	drug_class	all_count	#66a61e	21
cephalosporins	668	0.98	1	0.6	0.2	NA	1.00E-04	0	0.99	0.03	0.5	NA	2025-05-21	Aba	domain_all_count_class	domain	drug_class	all_count	#66a61e	21
fluoroquinolones	739	0.93	1	0.6	0.2	NA	0.04641588834	0.2	0.96	0.1	0.63	0.69	2025-05-21	Aba	domain_all_count_class	domain	drug_class	all_count	#66a61e	21
penicillins/beta-lactamase-inhibitor	625	0.71	1	0.6	0.2	NA	1.00E-04	0.2	0.91	0.45	0.83	0.83	2025-05-21	Aba	domain_all_count_class	domain	drug_class	all_count	#66a61e	21
tetracyclines	521	0.75	1	0.6	0.2	NA	1.00E-04	0.2	0.94	0.34	0.87	0.88	2025-05-21	Aba	domain_all_count_class	domain	drug_class	all_count	#66a61e	21
trimethoprim/sulfonamides	497	0.88	1	0.6	0.2	NA	0.04641588834	0.4	0.91	0.14	0.55	0.58	2025-05-21	Aba	domain_all_count_class	domain	drug_class	all_count	#66a61e	21
amikacin	670	0.66	1	0.6	0.2	NA	0.1	0.2	0.91	0.54	0.82	0.85	2025-05-20	Aba	gene_all_count	gene	drug	all_count	#e6ab02	21
ampicillin/sulbactam	464	0.56	1	0.6	0.2	NA	0.1	0.2	0.94	0.82	0.93	0.94	2025-05-20	Aba	gene_all_count	gene	drug	all_count	#e6ab02	21
cefepime	201	0.94	1	0.6	0.2	NA	1.00E-04	1	0.96	0.09	NA	NA	2025-05-20	Aba	gene_all_count	gene	drug	all_count	#e6ab02	21
cefotaxime	398	0.97	1	0.6	0.2	NA	1.00E-04	0	0.99	0.04	0.5	NA	2025-05-20	Aba	gene_all_count	gene	drug	all_count	#e6ab02	21
ceftazidime	642	0.88	1	0.6	0.2	NA	0.1	0.2	0.95	0.17	0.77	0.77	2025-05-20	Aba	gene_all_count	gene	drug	all_count	#e6ab02	21
ceftriaxone	522	0.95	1	0.6	0.2	NA	1.00E-04	0	0.96	0.06	0.61	0.73	2025-05-20	Aba	gene_all_count	gene	drug	all_count	#e6ab02	21
ciprofloxacin	737	0.93	1	0.6	0.2	NA	1.00E-04	0.4	0.97	0.03	0.64	0.75	2025-05-20	Aba	gene_all_count	gene	drug	all_count	#e6ab02	21
doripenem	70	0.4	1	0.6	0.2	NA	1.00E-04	0.2	0.8	1.28	0.83	0.87	2025-05-20	Aba	gene_all_count	gene	drug	all_count	#e6ab02	21
doxycycline	32	0.66	1	0.6	0.2	NA	1.00E-04	0	0.6	0.33	0.47	0.47	2025-05-20	Aba	gene_all_count	gene	drug	all_count	#e6ab02	21
gentamicin	721	0.9	1	0.6	0.2	NA	1.00E-04	0.2	0.96	0.14	0.67	0.74	2025-05-20	Aba	gene_all_count	gene	drug	all_count	#e6ab02	21
imipenem	666	0.55	1	0.6	0.2	NA	1.00E-04	1	0.9	0.82	0.89	0.89	2025-05-20	Aba	gene_all_count	gene	drug	all_count	#e6ab02	21
levofloxacin	401	0.84	1	0.6	0.2	NA	1.00E-04	0.2	0.96	0.24	0.84	0.88	2025-05-20	Aba	gene_all_count	gene	drug	all_count	#e6ab02	21
meropenem	318	0.76	1	0.6	0.2	NA	0.0215443469	0.4	0.89	0.32	0.73	0.75	2025-05-20	Aba	gene_all_count	gene	drug	all_count	#e6ab02	21
minocycline	64	0.16	1	0.6	0.2	NA	1.00E-04	0	NA	0.39	0.5	NA	2025-05-20	Aba	gene_all_count	gene	drug	all_count	#e6ab02	21
piperacillin/tazobactam	252	0.98	1	0.6	0.2	NA	1.00E-04	0	0.99	0.03	0.5	NA	2025-05-20	Aba	gene_all_count	gene	drug	all_count	#e6ab02	21
tetracycline	472	0.8	1	0.6	0.2	NA	1.00E-04	0.6	0.97	0.32	0.91	0.92	2025-05-20	Aba	gene_all_count	gene	drug	all_count	#e6ab02	21
tobramycin	537	0.72	1	0.6	0.2	NA	0.1	0.2	0.89	0.4	0.75	0.78	2025-05-20	Aba	gene_all_count	gene	drug	all_count	#e6ab02	21
trimethoprim/sulfamethoxazole	497	0.88	1	0.6	0.2	NA	0.004641588834	0.6	0.96	0.18	0.72	0.79	2025-05-20	Aba	gene_all_count	gene	drug	all_count	#e6ab02	21
aminoglycosides	750	0.93	1	0.6	0.2	NA	0.1	0.4	0.96	0.09	0.58	0.64	2025-05-21	Aba	gene_all_count_class	gene	drug_class	all_count	#e6ab02	21
carbapenems	717	0.58	1	0.6	0.2	NA	0.04641588834	0.2	0.96	0.77	0.96	0.96	2025-05-21	Aba	gene_all_count_class	gene	drug_class	all_count	#e6ab02	21
cephalosporins	668	0.98	1	0.6	0.2	NA	1.00E-04	0	0.99	0.03	0.5	NA	2025-05-21	Aba	gene_all_count_class	gene	drug_class	all_count	#e6ab02	21
fluoroquinolones	739	0.93	1	0.6	0.2	NA	0.1	0.4	0.96	0.09	0.54	0.59	2025-05-21	Aba	gene_all_count_class	gene	drug_class	all_count	#e6ab02	21
penicillins/beta-lactamase-inhibitor	625	0.71	1	0.6	0.2	NA	1.00E-04	0.2	0.92	0.46	0.84	0.85	2025-05-21	Aba	gene_all_count_class	gene	drug_class	all_count	#e6ab02	21
tetracyclines	521	0.75	1	0.6	0.2	NA	0.0215443469	0.4	0.94	0.34	0.85	0.88	2025-05-21	Aba	gene_all_count_class	gene	drug_class	all_count	#e6ab02	21
trimethoprim/sulfonamides	497	0.88	1	0.6	0.2	NA	1.00E-04	0	0.92	0.16	0.55	0.6	2025-05-21	Aba	gene_all_count_class	gene	drug_class	all_count	#e6ab02	21
chloramphenicol	37	0.81	1	0.6	0.2	NA	1.00E-04	0	1	0.3	NA	NA	2025-05-19	Efa	domain_all_count	domain	drug	all_count	#66a61e	21
dalbavancin	44	0.77	1	0.6	0.2	NA	1.00E-04	0.2	0.93	0.38	0.75	0.83	2025-05-19	Efa	domain_all_count	domain	drug	all_count	#66a61e	21
daptomycin	251	0.19	1	0.6	0.2	NA	1.00E-04	0.4	0.67	2.13	0.75	0.82	2025-05-19	Efa	domain_all_count	domain	drug	all_count	#66a61e	21
gentamicin	210	0.33	1	0.6	0.2	NA	0.1	0.6	0.92	1.58	0.93	0.95	2025-05-19	Efa	domain_all_count	domain	drug	all_count	#66a61e	21
linezolid	230	0.27	1	0.6	0.2	NA	1.00E-04	0.2	0.96	1.89	0.99	0.97	2025-05-19	Efa	domain_all_count	domain	drug	all_count	#66a61e	21
nitrofurantoin	40	0.85	1	0.6	0.2	NA	1.00E-04	0.2	0.94	0.23	0.5	NA	2025-05-19	Efa	domain_all_count	domain	drug	all_count	#66a61e	21
streptomycin	169	0.49	1	0.6	0.2	NA	0.1	0.2	1	1.03	1	1	2025-05-19	Efa	domain_all_count	domain	drug	all_count	#66a61e	21
synercid	40	0.2	1	0.6	0.2	NA	1.00E-04	0	NA	1.07	0.5	NA	2025-05-19	Efa	domain_all_count	domain	drug	all_count	#66a61e	21
tedizolid	44	0.73	1	0.6	0.2	NA	1.00E-04	0.2	0.83	0.38	0.86	0.83	2025-05-19	Efa	domain_all_count	domain	drug	all_count	#66a61e	21
teicoplanin	153	0.82	1	0.6	0.2	NA	1.00E-04	0.2	1	0.29	1	1	2025-05-19	Efa	domain_all_count	domain	drug	all_count	#66a61e	21
tetracycline	12	0.5	1	0.6	0.2	NA	1.00E-04	0	0.67	1	0.5	NA	2025-05-19	Efa	domain_all_count	domain	drug	all_count	#66a61e	21
vancomycin	896	0.61	1	0.6	0.2	NA	1.00E-04	0.2	1	0.71	1	1	2025-05-19	Efa	domain_all_count	domain	drug	all_count	#66a61e	21
aminoglycosides	210	0.71	1	0.6	0.2	NA	1.00E-04	1	1	0.49	1	1	2025-05-19	Efa	domain_all_count_class	domain	drug_class	all_count	#66a61e	21
amphenicols	37	0.81	1	0.6	0.2	NA	1.00E-04	0	1	0.3	NA	NA	2025-05-19	Efa	domain_all_count_class	domain	drug_class	all_count	#66a61e	21
glycopeptides	896	0.61	1	0.6	0.2	NA	1.00E-04	0.2	0.99	0.71	0.98	0.98	2025-05-19	Efa	domain_all_count_class	domain	drug_class	all_count	#66a61e	21
lipopeptides	251	0.19	1	0.6	0.2	NA	1.00E-04	0.4	0.67	2.13	0.75	0.82	2025-05-19	Efa	domain_all_count_class	domain	drug_class	all_count	#66a61e	21
macrolides	41	0.22	1	0.6	0.2	NA	1.00E-04	0	NA	2.18	0.5	NA	2025-05-19	Efa	domain_all_count_class	domain	drug_class	all_count	#66a61e	21
nitrofuran-derivatives	40	0.85	1	0.6	0.2	NA	1.00E-04	0.2	0.94	0.23	0.5	NA	2025-05-19	Efa	domain_all_count_class	domain	drug_class	all_count	#66a61e	21
oxazolidinones	230	0.27	1	0.6	0.2	NA	0.1	1	0.67	1.75	0.76	0.78	2025-05-19	Efa	domain_all_count_class	domain	drug_class	all_count	#66a61e	21
tetracyclines	204	0.21	1	0.6	0.2	NA	1.00E-04	0.2	0.89	2.21	0.97	0.93	2025-05-19	Efa	domain_all_count_class	domain	drug_class	all_count	#66a61e	21
chloramphenicol	37	0.81	1	0.6	0.2	NA	1.00E-04	0	1	0.3	NA	NA	2025-05-19	Efa	gene_all_count	gene	drug	all_count	#e6ab02	21
dalbavancin	44	0.77	1	0.6	0.2	NA	1.00E-04	0.2	0.92	0.35	0.93	0.88	2025-05-19	Efa	gene_all_count	gene	drug	all_count	#e6ab02	21
daptomycin	251	0.19	1	0.6	0.2	NA	1.00E-04	1	0.67	2.07	0.76	0.79	2025-05-19	Efa	gene_all_count	gene	drug	all_count	#e6ab02	21
gentamicin	210	0.33	1	0.6	0.2	NA	1.00E-04	0	0.93	1.51	0.95	0.95	2025-05-19	Efa	gene_all_count	gene	drug	all_count	#e6ab02	21
linezolid	230	0.27	1	0.6	0.2	NA	0.1	0.4	0.9	1.89	0.96	0.93	2025-05-19	Efa	gene_all_count	gene	drug	all_count	#e6ab02	21
nitrofurantoin	40	0.85	1	0.6	0.2	NA	1.00E-04	0	0.94	0.23	0.5	NA	2025-05-19	Efa	gene_all_count	gene	drug	all_count	#e6ab02	21
streptomycin	169	0.49	1	0.6	0.2	NA	1.00E-04	0	1	1.03	1	1	2025-05-19	Efa	gene_all_count	gene	drug	all_count	#e6ab02	21
synercid	40	0.2	1	0.6	0.2	NA	1.00E-04	0	NA	1.98	0.5	NA	2025-05-19	Efa	gene_all_count	gene	drug	all_count	#e6ab02	21
tedizolid	44	0.73	1	0.6	0.2	NA	1.00E-04	0	0.92	0.45	0.93	0.9	2025-05-19	Efa	gene_all_count	gene	drug	all_count	#e6ab02	21
teicoplanin	153	0.82	1	0.6	0.2	NA	1.00E-04	0.2	1	0.29	1	1	2025-05-19	Efa	gene_all_count	gene	drug	all_count	#e6ab02	21
tetracycline	12	0.5	1	0.6	0.2	NA	1.00E-04	0	0.67	1	0.5	NA	2025-05-19	Efa	gene_all_count	gene	drug	all_count	#e6ab02	21
vancomycin	896	0.61	1	0.6	0.2	NA	0.0215443469	0.4	1	0.71	1	1	2025-05-19	Efa	gene_all_count	gene	drug	all_count	#e6ab02	21
aminoglycosides	210	0.71	1	0.6	0.2	NA	1.00E-04	0	0.98	0.48	0.96	0.97	2025-05-19	Efa	gene_all_count_class	gene	drug_class	all_count	#e6ab02	21
amphenicols	37	0.81	1	0.6	0.2	NA	1.00E-04	0	1	0.3	NA	NA	2025-05-19	Efa	gene_all_count_class	gene	drug_class	all_count	#e6ab02	21
glycopeptides	896	0.61	1	0.6	0.2	NA	1.00E-04	0.2	0.99	0.68	0.99	0.99	2025-05-19	Efa	gene_all_count_class	gene	drug_class	all_count	#e6ab02	21
lipopeptides	251	0.19	1	0.6	0.2	NA	1.00E-04	1	0.67	2.07	0.76	0.79	2025-05-19	Efa	gene_all_count_class	gene	drug_class	all_count	#e6ab02	21
macrolides	41	0.22	1	0.6	0.2	NA	1.00E-04	0	NA	0.18	0.5	NA	2025-05-19	Efa	gene_all_count_class	gene	drug_class	all_count	#e6ab02	21
nitrofuran-derivatives	40	0.85	1	0.6	0.2	NA	1.00E-04	0	0.94	0.23	0.5	NA	2025-05-19	Efa	gene_all_count_class	gene	drug_class	all_count	#e6ab02	21
oxazolidinones	230	0.27	1	0.6	0.2	NA	1.00E-04	0	0.96	1.89	0.99	0.97	2025-05-19	Efa	gene_all_count_class	gene	drug_class	all_count	#e6ab02	21
tetracyclines	204	0.21	1	0.6	0.2	NA	1.00E-04	0	0.84	2.25	0.96	0.91	2025-05-19	Efa	gene_all_count_class	gene	drug_class	all_count	#e6ab02	21
amikacin	184	0.09	1	0.6	0.2	NA	1.00E-04	0	0.5	2.5	0.67	0.78	2025-05-19	Esp.	domain_all_count	domain	drug	all_count	#66a61e	21
aminogycosides	112	0.24	1	0.6	0.2	NA	1.00E-04	1	0.6	1.66	0.72	0.76	2025-05-19	Esp.	domain_all_count	domain	drug	all_count	#66a61e	21
beta-lactam	114	0.72	1	0.6	0.2	NA	0.1	0.6	0.87	0.38	0.64	0.73	2025-05-19	Esp.	domain_all_count	domain	drug	all_count	#66a61e	21
carbapenem	65	0.49	1	0.6	0.2	NA	1.00E-04	0.2	1	1.03	1	1	2025-05-19	Esp.	domain_all_count	domain	drug	all_count	#66a61e	21
cefepime	103	0.67	1	0.6	0.2	NA	0.0215443469	0.4	0.9	0.52	0.82	0.84	2025-05-19	Esp.	domain_all_count	domain	drug	all_count	#66a61e	21
chloramphenicol	15	0.47	1	0.6	0.2	NA	1.00E-04	0.4	1	1.09	1	1	2025-05-19	Esp.	domain_all_count	domain	drug	all_count	#66a61e	21
ciprofloxacin	115	0.62	1	0.6	0.2	NA	0.1	0.6	0.9	0.58	0.88	0.87	2025-05-19	Esp.	domain_all_count	domain	drug	all_count	#66a61e	21
doripenem	43	0.49	1	0.6	0.2	NA	1.00E-04	0	0.75	0.97	0.8	0.83	2025-05-19	Esp.	domain_all_count	domain	drug	all_count	#66a61e	21
ertapenem	223	0.89	1	0.6	0.2	NA	1.00E-04	0.2	0.97	0.03	0.49	0.48	2025-05-19	Esp.	domain_all_count	domain	drug	all_count	#66a61e	21
fluoroquinolones	112	0.28	1	0.6	0.2	NA	1.00E-04	0	0.22	0.05	0.54	0.57	2025-05-19	Esp.	domain_all_count	domain	drug	all_count	#66a61e	21
gentamicin	164	0.48	1	0.6	0.2	NA	1.00E-04	0.8	1	1.06	1	1	2025-05-19	Esp.	domain_all_count	domain	drug	all_count	#66a61e	21
imipenem	90	0.66	1	0.6	0.2	NA	1.00E-04	0.2	0.83	0.56	0.64	0.72	2025-05-19	Esp.	domain_all_count	domain	drug	all_count	#66a61e	21
levofloxacin	99	0.57	1	0.6	0.2	NA	1.00E-04	0	0.87	0.72	0.86	0.86	2025-05-19	Esp.	domain_all_count	domain	drug	all_count	#66a61e	21
meropenem	154	0.31	1	0.6	0.2	NA	0.1	0.2	0.5	0.51	0.64	0.64	2025-05-19	Esp.	domain_all_count	domain	drug	all_count	#66a61e	21
piperacillin/tazobactam	190	0.93	1	0.6	0.2	NA	1.00E-04	0.2	0.96	0.09	0.49	0.48	2025-05-19	Esp.	domain_all_count	domain	drug	all_count	#66a61e	21
tetracycline	65	0.37	1	0.6	0.2	NA	1.00E-04	0.2	0.62	0.6	0.68	0.67	2025-05-19	Esp.	domain_all_count	domain	drug	all_count	#66a61e	21
tigecycline	128	0.27	1	0.6	0.2	NA	1.00E-04	1	0.44	0.37	0.6	0.59	2025-05-19	Esp.	domain_all_count	domain	drug	all_count	#66a61e	21
tobramycin	158	0.66	1	0.6	0.2	NA	1.00E-04	0.2	0.74	0.48	0.76	0.75	2025-05-19	Esp.	domain_all_count	domain	drug	all_count	#66a61e	21
trimethoprim/sulfamethoxazole	89	0.53	1	0.6	0.2	NA	0.1	0.2	0.95	0.92	0.94	0.95	2025-05-19	Esp.	domain_all_count	domain	drug	all_count	#66a61e	21
trimotheprim	112	0.29	1	0.6	0.2	NA	1.00E-04	0.4	0.6	1.5	0.71	0.79	2025-05-19	Esp.	domain_all_count	domain	drug	all_count	#66a61e	21
aminoglycosides	211	0.62	1	0.6	0.2	NA	1.00E-04	0	0.85	0.62	0.75	0.78	2025-05-20	Esp.	domain_all_count_class	domain	drug_class	all_count	#66a61e	21
amphenicols	15	0.47	1	0.6	0.2	NA	1.00E-04	0	0.8	0.75	0.75	0.79	2025-05-20	Esp.	domain_all_count_class	domain	drug_class	all_count	#66a61e	21
carbapenems	257	0.83	1	0.6	0.2	NA	0.01	1	0.82	-0.07	0.52	0.53	2025-05-20	Esp.	domain_all_count_class	domain	drug_class	all_count	#66a61e	21
fluoroquinolones	117	0.62	1	0.6	0.2	NA	0.0215443469	0.4	0.97	0.69	0.94	0.96	2025-05-20	Esp.	domain_all_count_class	domain	drug_class	all_count	#66a61e	21
tetracyclines	163	0.35	1	0.6	0.2	NA	0.01	0.4	0.13	0.3	0.5	0.49	2025-05-20	Esp.	domain_all_count_class	domain	drug_class	all_count	#66a61e	21
trimethoprim/sulfonamides	89	0.53	1	0.6	0.2	NA	1.00E-04	0	0.8	0.8	0.79	0.79	2025-05-20	Esp.	domain_all_count_class	domain	drug_class	all_count	#66a61e	21
amikacin	184	0.09	1	0.6	0.2	NA	1.00E-04	1	0.67	2.64	0.82	0.82	2025-05-19	Esp.	gene_all_count	gene	drug	all_count	#e6ab02	21
aminogycosides	112	0.24	1	0.6	0.2	NA	0.1	0.4	0.67	1.54	0.75	0.83	2025-05-19	Esp.	gene_all_count	gene	drug	all_count	#e6ab02	21
beta-lactam	114	0.72	1	0.6	0.2	NA	1.00E-04	0	0.87	0.38	0.64	0.73	2025-05-19	Esp.	gene_all_count	gene	drug	all_count	#e6ab02	21
carbapenem	65	0.49	1	0.6	0.2	NA	1.00E-04	0	0.88	0.99	0.86	0.87	2025-05-19	Esp.	gene_all_count	gene	drug	all_count	#e6ab02	21
cefepime	103	0.67	1	0.6	0.2	NA	0.04641588834	0.4	0.9	0.53	0.82	0.84	2025-05-19	Esp.	gene_all_count	gene	drug	all_count	#e6ab02	21
chloramphenicol	15	0.47	1	0.6	0.2	NA	1.00E-04	0	1	1.09	1	1	2025-05-19	Esp.	gene_all_count	gene	drug	all_count	#e6ab02	21
ciprofloxacin	115	0.62	1	0.6	0.2	NA	0.1	0.8	0.84	0.62	0.77	0.77	2025-05-19	Esp.	gene_all_count	gene	drug	all_count	#e6ab02	21
doripenem	43	0.49	1	0.6	0.2	NA	0.1	1	0.89	1.03	0.9	0.91	2025-05-19	Esp.	gene_all_count	gene	drug	all_count	#e6ab02	21
ertapenem	223	0.89	1	0.6	0.2	NA	1.00E-04	0.2	0.95	0.06	0.48	0.48	2025-05-19	Esp.	gene_all_count	gene	drug	all_count	#e6ab02	21
fluoroquinolones	112	0.28	1	0.6	0.2	NA	1.00E-04	1	0.36	0.48	0.58	0.6	2025-05-19	Esp.	gene_all_count	gene	drug	all_count	#e6ab02	21
gentamicin	164	0.48	1	0.6	0.2	NA	1.00E-04	1	0.9	1.01	0.91	0.92	2025-05-19	Esp.	gene_all_count	gene	drug	all_count	#e6ab02	21
imipenem	90	0.66	1	0.6	0.2	NA	1.00E-04	0.2	0.83	0.51	0.64	0.72	2025-05-19	Esp.	gene_all_count	gene	drug	all_count	#e6ab02	21
levofloxacin	99	0.57	1	0.6	0.2	NA	1.00E-04	1	0.87	0.72	0.86	0.86	2025-05-19	Esp.	gene_all_count	gene	drug	all_count	#e6ab02	21
meropenem	154	0.31	1	0.6	0.2	NA	0.1	0.6	0.46	1.2	0.65	0.74	2025-05-19	Esp.	gene_all_count	gene	drug	all_count	#e6ab02	21
piperacillin/tazobactam	190	0.93	1	0.6	0.2	NA	1.00E-04	0	0.97	0.09	0.5	NA	2025-05-19	Esp.	gene_all_count	gene	drug	all_count	#e6ab02	21
tetracycline	65	0.37	1	0.6	0.2	NA	1.00E-04	1	0.62	1.15	0.68	0.67	2025-05-19	Esp.	gene_all_count	gene	drug	all_count	#e6ab02	21
tigecycline	128	0.27	1	0.6	0.2	NA	0.0215443469	0.2	0.46	1.13	0.64	0.64	2025-05-19	Esp.	gene_all_count	gene	drug	all_count	#e6ab02	21
tobramycin	158	0.66	1	0.6	0.2	NA	1.00E-04	0	0.78	0.51	0.79	0.77	2025-05-19	Esp.	gene_all_count	gene	drug	all_count	#e6ab02	21
trimethoprim/sulfamethoxazole	89	0.53	1	0.6	0.2	NA	1.00E-04	0.2	1	0.92	1	1	2025-05-19	Esp.	gene_all_count	gene	drug	all_count	#e6ab02	21
trimotheprim	112	0.29	1	0.6	0.2	NA	1.00E-04	0.2	0.6	1.35	0.71	0.79	2025-05-19	Esp.	gene_all_count	gene	drug	all_count	#e6ab02	21
aminoglycosides	211	0.62	1	0.6	0.2	NA	1.00E-04	0	0.9	0.65	0.82	0.86	2025-05-20	Esp.	gene_all_count_class	gene	drug_class	all_count	#e6ab02	21
amphenicols	15	0.47	1	0.6	0.2	NA	1.00E-04	0	0.8	0.75	0.75	0.79	2025-05-20	Esp.	gene_all_count_class	gene	drug_class	all_count	#e6ab02	21
carbapenems	257	0.83	1	0.6	0.2	NA	0.1	0.6	0.89	0.12	0.58	0.68	2025-05-20	Esp.	gene_all_count_class	gene	drug_class	all_count	#e6ab02	21
fluoroquinolones	117	0.62	1	0.6	0.2	NA	0.1	0.8	0.91	0.63	0.83	0.87	2025-05-20	Esp.	gene_all_count_class	gene	drug_class	all_count	#e6ab02	21
tetracyclines	163	0.35	1	0.6	0.2	NA	0.1	0.4	0.25	-0.18	0.54	0.56	2025-05-20	Esp.	gene_all_count_class	gene	drug_class	all_count	#e6ab02	21
trimethoprim/sulfonamides	89	0.53	1	0.6	0.2	NA	0.1	0.8	0.9	0.87	0.89	0.89	2025-05-20	Esp.	gene_all_count_class	gene	drug_class	all_count	#e6ab02	21
amikacin	2664	0.16	1	0.6	0.2	NA	1.00E-04	0.2	0.76	2.36	0.84	0.86	2025-05-24	Kpn	domain_all_count	domain	drug	all_count	#66a61e	21
aminogycosides	127	0.61	1	0.6	0.2	NA	0.04641588834	1	0.85	0.64	0.79	0.79	2025-05-24	Kpn	domain_all_count	domain	drug	all_count	#66a61e	21
amoxicillin/clavulanic acid	864	0.79	1	0.6	0.2	NA	1.00E-04	0.4	0.96	0.33	0.87	0.9	2025-05-24	Kpn	domain_all_count	domain	drug	all_count	#66a61e	21
ampicillin/sulbactam	1897	0.87	1	0.6	0.2	NA	0.01	0.2	0.95	0.19	0.78	0.81	2025-05-24	Kpn	domain_all_count	domain	drug	all_count	#66a61e	21
aztreonam	2289	0.82	1	0.6	0.2	NA	1.00E-04	0	0.92	0.23	0.68	0.75	2025-05-24	Kpn	domain_all_count	domain	drug	all_count	#66a61e	21
beta-lactam	127	0.66	1	0.6	0.2	NA	1.00E-04	0	0.85	0.56	0.8	0.79	2025-05-24	Kpn	domain_all_count	domain	drug	all_count	#66a61e	21
carbenicillin	89	0.94	1	0.6	0.2	NA	1.00E-04	0	0.94	0.07	0.5	NA	2025-05-24	Kpn	domain_all_count	domain	drug	all_count	#66a61e	21
cefazolin	2370	0.82	1	0.6	0.2	NA	0.01	0.6	0.96	0.27	0.84	0.86	2025-05-24	Kpn	domain_all_count	domain	drug	all_count	#66a61e	21
cefepime	2264	0.63	1	0.6	0.2	NA	1.00E-04	0	0.86	0.55	0.76	0.79	2025-05-24	Kpn	domain_all_count	domain	drug	all_count	#66a61e	21
cefotaxime	1422	0.71	1	0.6	0.2	NA	1.00E-04	0.4	0.92	0.46	0.88	0.86	2025-05-24	Kpn	domain_all_count	domain	drug	all_count	#66a61e	21
cefotetan	144	0.27	1	0.6	0.2	NA	1.00E-04	0.2	0.78	1.55	0.87	0.84	2025-05-24	Kpn	domain_all_count	domain	drug	all_count	#66a61e	21
cefoxitin	2253	0.54	1	0.6	0.2	NA	1.00E-04	0.8	0.82	0.7	0.81	0.81	2025-05-24	Kpn	domain_all_count	domain	drug	all_count	#66a61e	21
cefpodoxime	294	0.74	1	0.6	0.2	NA	1.00E-04	0	0.88	0.31	0.74	0.75	2025-05-24	Kpn	domain_all_count	domain	drug	all_count	#66a61e	21
cefpodoxime_clavulanic_acid	188	0.87	1	0.6	0.2	NA	0.04641588834	0.2	0.9	0.19	0.48	0.46	2025-05-24	Kpn	domain_all_count	domain	drug	all_count	#66a61e	21
ceftazidime	3281	0.72	1	0.6	0.2	NA	0.004641588834	1	0.95	0.44	0.9	0.91	2025-05-24	Kpn	domain_all_count	domain	drug	all_count	#66a61e	21
ceftazidime/avibactam	327	0.25	1	0.6	0.2	NA	1.00E-04	0	0.83	1.83	0.85	0.9	2025-05-24	Kpn	domain_all_count	domain	drug	all_count	#66a61e	21
ceftolozane/tazobactam	147	0.62	1	0.6	0.2	NA	1.00E-04	0	0.87	0.62	0.82	0.83	2025-05-24	Kpn	domain_all_count	domain	drug	all_count	#66a61e	21
ceftriaxone	2340	0.82	1	0.6	0.2	NA	0.01	0.6	0.97	0.29	0.88	0.91	2025-05-24	Kpn	domain_all_count	domain	drug	all_count	#66a61e	21
ceftriaxone/cefpodoxime	53	0.51	1	0.6	0.2	NA	1.00E-04	0.2	0.67	0.75	0.67	0.67	2025-05-24	Kpn	domain_all_count	domain	drug	all_count	#66a61e	21
cefuroxime	1668	0.93	1	0.6	0.2	NA	1.00E-04	0.2	0.98	0.1	0.63	0.7	2025-05-24	Kpn	domain_all_count	domain	drug	all_count	#66a61e	21
cephalothin	168	0.79	1	0.6	0.2	NA	0.04641588834	0.2	0.86	0.22	0.54	0.58	2025-05-24	Kpn	domain_all_count	domain	drug	all_count	#66a61e	21
chloramphenicol	329	0.69	1	0.6	0.2	NA	1.00E-04	0	0.85	0.42	0.71	0.73	2025-05-24	Kpn	domain_all_count	domain	drug	all_count	#66a61e	21
ciprofloxacin	3558	0.68	1	0.6	0.2	NA	1.00E-04	0.8	0.94	0.53	0.91	0.91	2025-05-24	Kpn	domain_all_count	domain	drug	all_count	#66a61e	21
colistin	1266	0.23	1	0.6	0.2	NA	0.00215443469	0.8	0.61	1.45	0.75	0.75	2025-05-24	Kpn	domain_all_count	domain	drug	all_count	#66a61e	21
doripenem	233	0.89	1	0.6	0.2	NA	0.1	0.6	0.92	0.06	0.5	NA	2025-05-24	Kpn	domain_all_count	domain	drug	all_count	#66a61e	21
doxycycline	141	0.32	1	0.6	0.2	NA	1.00E-04	1	0.67	1.23	0.75	0.79	2025-05-24	Kpn	domain_all_count	domain	drug	all_count	#66a61e	21
ertapenem	1382	0.65	1	0.6	0.2	NA	0.0215443469	0.6	0.95	0.61	0.93	0.93	2025-05-24	Kpn	domain_all_count	domain	drug	all_count	#66a61e	21
extended spectrum beta lactamase	403	0.42	1	0.6	0.2	NA	0.1	0.2	0.85	1.18	0.87	0.87	2025-05-24	Kpn	domain_all_count	domain	drug	all_count	#66a61e	21
fluoroquinolones	127	0.57	1	0.6	0.2	NA	0.1	0.4	0.65	0.19	0.5	0.5	2025-05-24	Kpn	domain_all_count	domain	drug	all_count	#66a61e	21
fosfomycin	270	0.26	1	0.6	0.2	NA	1.00E-04	0.2	0.38	1.18	0.61	0.65	2025-05-24	Kpn	domain_all_count	domain	drug	all_count	#66a61e	21
gentamicin	3662	0.38	1	0.6	0.2	NA	1.00E-04	0.2	0.78	1.11	0.82	0.83	2025-05-24	Kpn	domain_all_count	domain	drug	all_count	#66a61e	21
imipenem	2199	0.46	1	0.6	0.2	NA	0.0215443469	0.2	0.9	1.05	0.91	0.91	2025-05-24	Kpn	domain_all_count	domain	drug	all_count	#66a61e	21
kanamycin	82	0.93	1	0.6	0.2	NA	1.00E-04	0	1	0.1	NA	NA	2025-05-24	Kpn	domain_all_count	domain	drug	all_count	#66a61e	21
levofloxacin	2009	0.79	1	0.6	0.2	NA	0.01	0.6	0.96	0.33	0.88	0.89	2025-05-24	Kpn	domain_all_count	domain	drug	all_count	#66a61e	21
meropenem	3520	0.33	1	0.6	0.2	NA	1.00E-04	1	0.86	1.49	0.89	0.9	2025-05-24	Kpn	domain_all_count	domain	drug	all_count	#66a61e	21
minocycline	87	0.22	1	0.6	0.2	NA	1.00E-04	0.2	0.8	2.05	0.86	0.86	2025-05-24	Kpn	domain_all_count	domain	drug	all_count	#66a61e	21
moxifloxacin	92	0.42	1	0.6	0.2	NA	0.01	0.8	0.53	0.56	0.61	0.62	2025-05-24	Kpn	domain_all_count	domain	drug	all_count	#66a61e	21
nalidixic acid	157	0.64	1	0.6	0.2	NA	0.0215443469	0.6	0.76	0.51	0.59	0.61	2025-05-24	Kpn	domain_all_count	domain	drug	all_count	#66a61e	21
nitrofurantoin	1123	0.82	1	0.6	0.2	NA	0.0215443469	0.2	0.89	0.24	0.7	0.73	2025-05-24	Kpn	domain_all_count	domain	drug	all_count	#66a61e	21
norfloxacin	186	0.15	1	0.6	0.2	NA	1.00E-04	0.2	0.89	2.55	0.9	0.94	2025-05-24	Kpn	domain_all_count	domain	drug	all_count	#66a61e	21
piperacillin/tazobactam	2505	0.68	1	0.6	0.2	NA	0.0215443469	0.8	0.88	0.48	0.81	0.81	2025-05-24	Kpn	domain_all_count	domain	drug	all_count	#66a61e	21
polymyxin B	233	0.21	1	0.6	0.2	NA	1.00E-04	0	0.76	2.13	0.82	0.85	2025-05-24	Kpn	domain_all_count	domain	drug	all_count	#66a61e	21
streptomycin	74	0.69	1	0.6	0.2	NA	0.04641588834	0.4	1	0.54	1	1	2025-05-24	Kpn	domain_all_count	domain	drug	all_count	#66a61e	21
tetracycline	1705	0.53	1	0.6	0.2	NA	0.004641588834	1	0.79	0.65	0.77	0.77	2025-05-24	Kpn	domain_all_count	domain	drug	all_count	#66a61e	21
ticarcillin/clavulanic acid	239	0.42	1	0.6	0.2	NA	1.00E-04	0.2	0.93	1.22	0.94	0.94	2025-05-24	Kpn	domain_all_count	domain	drug	all_count	#66a61e	21
tigecycline	1114	0.23	1	0.6	0.2	NA	0.0215443469	0.2	0.67	1.52	0.77	0.78	2025-05-24	Kpn	domain_all_count	domain	drug	all_count	#66a61e	21
tobramycin	2179	0.58	1	0.6	0.2	NA	0.04641588834	0.2	0.86	0.67	0.83	0.83	2025-05-24	Kpn	domain_all_count	domain	drug	all_count	#66a61e	21
trimethoprim	251	0.44	1	0.6	0.2	NA	0.0215443469	0.2	0.84	1.1	0.86	0.86	2025-05-24	Kpn	domain_all_count	domain	drug	all_count	#66a61e	21
trimethoprim/sulfamethoxazole	3317	0.67	1	0.6	0.2	NA	0.0215443469	0.2	0.89	0.47	0.81	0.82	2025-05-24	Kpn	domain_all_count	domain	drug	all_count	#66a61e	21
trimethoprim/sulfobactam	225	0.33	1	0.6	0.2	NA	1.00E-04	0.2	0.77	1.48	0.82	0.85	2025-05-24	Kpn	domain_all_count	domain	drug	all_count	#66a61e	21
trimotheprim	127	0.72	1	0.6	0.2	NA	1.00E-04	0.2	0.81	0.22	0.52	0.53	2025-05-24	Kpn	domain_all_count	domain	drug	all_count	#66a61e	21
aminoglycosides	3860	0.56	1	0.6	0.2	NA	0.01	0.8	0.85	0.7	0.84	0.83	2025-05-23	Kpn	domain_all_count_class	domain	drug_class	all_count	#66a61e	21
amphenicols	342	0.7	1	0.6	0.2	NA	0.1	0.4	0.9	0.44	0.79	0.82	2025-05-23	Kpn	domain_all_count_class	domain	drug_class	all_count	#66a61e	21
carbapenems	3816	0.39	1	0.6	0.2	NA	1.00E-04	0.2	0.88	1.28	0.9	0.9	2025-05-23	Kpn	domain_all_count_class	domain	drug_class	all_count	#66a61e	21
cephalosporins	2914	0.83	1	0.6	0.2	NA	0.04641588834	0.4	0.94	0.25	0.75	0.8	2025-05-23	Kpn	domain_all_count_class	domain	drug_class	all_count	#66a61e	21
fluoroquinolones	3608	0.67	1	0.6	0.2	NA	0.04641588834	0.2	0.93	0.56	0.89	0.89	2025-05-23	Kpn	domain_all_count_class	domain	drug_class	all_count	#66a61e	21
monobactams	2289	0.83	1	0.6	0.2	NA	0.04641588834	0.2	0.93	0.24	0.71	0.78	2025-05-23	Kpn	domain_all_count_class	domain	drug_class	all_count	#66a61e	21
nitrofuran-derivatives	1123	0.82	1	0.6	0.2	NA	0.04641588834	0.2	0.93	0.26	0.7	0.73	2025-05-23	Kpn	domain_all_count_class	domain	drug_class	all_count	#66a61e	21
penicillins/beta-lactamase-inhibitor	2863	0.82	1	0.6	0.2	NA	0.0215443469	0.2	0.95	0.27	0.83	0.86	2025-05-23	Kpn	domain_all_count_class	domain	drug_class	all_count	#66a61e	21
phosphonic acid antibacterial	270	0.26	1	0.6	0.2	NA	1.00E-04	0.2	0.38	1.18	0.61	0.65	2025-05-23	Kpn	domain_all_count_class	domain	drug_class	all_count	#66a61e	21
polymyxin	1422	0.23	1	0.6	0.2	NA	0.004641588834	0.6	0.67	1.72	0.77	0.8	2025-05-23	Kpn	domain_all_count_class	domain	drug_class	all_count	#66a61e	21
quinolones	157	0.64	1	0.6	0.2	NA	0.0215443469	0.6	0.76	0.51	0.59	0.61	2025-05-23	Kpn	domain_all_count_class	domain	drug_class	all_count	#66a61e	21
tetracyclines	2665	0.44	1	0.6	0.2	NA	1.00E-04	0	0.65	0.77	0.71	0.71	2025-05-23	Kpn	domain_all_count_class	domain	drug_class	all_count	#66a61e	21
trimethoprim-derivatives	251	0.44	1	0.6	0.2	NA	0.0215443469	0.2	0.84	1.1	0.86	0.86	2025-05-23	Kpn	domain_all_count_class	domain	drug_class	all_count	#66a61e	21
trimethoprim/sulfonamides	3317	0.67	1	0.6	0.2	NA	0.01	1	0.88	0.46	0.78	0.8	2025-05-23	Kpn	domain_all_count_class	domain	drug_class	all_count	#66a61e	21
amikacin	2664	0.16	1	0.6	0.2	NA	0.0215443469	0.2	0.77	2.44	0.84	0.87	2025-05-23	Kpn	gene_all_count	gene	drug	all_count	#e6ab02	21
aminogycosides	127	0.61	1	0.6	0.2	NA	0.1	0.4	0.97	0.71	0.97	0.96	2025-05-23	Kpn	gene_all_count	gene	drug	all_count	#e6ab02	21
amoxicillin/clavulanic acid	864	0.79	1	0.6	0.2	NA	1.00E-04	0.2	0.96	0.33	0.87	0.9	2025-05-23	Kpn	gene_all_count	gene	drug	all_count	#e6ab02	21
ampicillin/sulbactam	1897	0.87	1	0.6	0.2	NA	0.00215443469	1	0.96	0.2	0.82	0.85	2025-05-23	Kpn	gene_all_count	gene	drug	all_count	#e6ab02	21
aztreonam	2289	0.82	1	0.6	0.2	NA	0.0215443469	0.8	0.94	0.26	0.79	0.83	2025-05-23	Kpn	gene_all_count	gene	drug	all_count	#e6ab02	21
beta-lactam	127	0.66	1	0.6	0.2	NA	1.00E-04	0.6	0.9	0.58	0.91	0.89	2025-05-23	Kpn	gene_all_count	gene	drug	all_count	#e6ab02	21
carbenicillin	89	0.94	1	0.6	0.2	NA	1.00E-04	1	0.94	0	0.5	NA	2025-05-23	Kpn	gene_all_count	gene	drug	all_count	#e6ab02	21
cefazolin	2370	0.82	1	0.6	0.2	NA	0.0215443469	0.6	0.98	0.29	0.94	0.94	2025-05-23	Kpn	gene_all_count	gene	drug	all_count	#e6ab02	21
cefepime	2264	0.63	1	0.6	0.2	NA	0.1	0.2	0.89	0.56	0.82	0.83	2025-05-23	Kpn	gene_all_count	gene	drug	all_count	#e6ab02	21
cefotaxime	1422	0.71	1	0.6	0.2	NA	0.0215443469	0.6	0.97	0.49	0.95	0.95	2025-05-23	Kpn	gene_all_count	gene	drug	all_count	#e6ab02	21
cefotetan	144	0.27	1	0.6	0.2	NA	1.00E-04	0.2	0.82	1.74	0.89	0.88	2025-05-23	Kpn	gene_all_count	gene	drug	all_count	#e6ab02	21
cefoxitin	2253	0.54	1	0.6	0.2	NA	0.0215443469	0.8	0.86	0.78	0.86	0.86	2025-05-23	Kpn	gene_all_count	gene	drug	all_count	#e6ab02	21
cefpodoxime	294	0.74	1	0.6	0.2	NA	0.04641588834	1	0.9	0.41	0.82	0.81	2025-05-23	Kpn	gene_all_count	gene	drug	all_count	#e6ab02	21
cefpodoxime_clavulanic_acid	188	0.87	1	0.6	0.2	NA	1.00E-04	0	0.91	0.19	0.57	0.61	2025-05-23	Kpn	gene_all_count	gene	drug	all_count	#e6ab02	21
ceftazidime	3281	0.72	1	0.6	0.2	NA	0.0215443469	0.6	0.97	0.46	0.93	0.94	2025-05-23	Kpn	gene_all_count	gene	drug	all_count	#e6ab02	21
ceftazidime/avibactam	327	0.25	1	0.6	0.2	NA	0.1	0.8	0.87	1.91	0.88	0.92	2025-05-23	Kpn	gene_all_count	gene	drug	all_count	#e6ab02	21
ceftolozane/tazobactam	147	0.62	1	0.6	0.2	NA	0.01	0.6	0.92	0.66	0.91	0.9	2025-05-23	Kpn	gene_all_count	gene	drug	all_count	#e6ab02	21
ceftriaxone	2340	0.82	1	0.6	0.2	NA	0.01	0.4	0.98	0.29	0.95	0.95	2025-05-23	Kpn	gene_all_count	gene	drug	all_count	#e6ab02	21
ceftriaxone/cefpodoxime	53	0.51	1	0.6	0.2	NA	0.1	0.2	1	0.97	1	1	2025-05-23	Kpn	gene_all_count	gene	drug	all_count	#e6ab02	21
cefuroxime	1668	0.93	1	0.6	0.2	NA	0.04641588834	0.8	0.98	0.09	0.77	0.83	2025-05-23	Kpn	gene_all_count	gene	drug	all_count	#e6ab02	21
cephalothin	168	0.79	1	0.6	0.2	NA	0.0215443469	1	0.91	0.31	0.77	0.79	2025-05-23	Kpn	gene_all_count	gene	drug	all_count	#e6ab02	21
chloramphenicol	329	0.69	1	0.6	0.2	NA	0.1	0.6	0.87	0.43	0.77	0.78	2025-05-23	Kpn	gene_all_count	gene	drug	all_count	#e6ab02	21
ciprofloxacin	3558	0.68	1	0.6	0.2	NA	0.04641588834	0.2	0.95	0.54	0.93	0.93	2025-05-23	Kpn	gene_all_count	gene	drug	all_count	#e6ab02	21
colistin	1266	0.23	1	0.6	0.2	NA	1.00E-04	0.4	0.62	1.67	0.76	0.76	2025-05-23	Kpn	gene_all_count	gene	drug	all_count	#e6ab02	21
doripenem	233	0.89	1	0.6	0.2	NA	1.00E-04	0	0.92	0.08	0.5	NA	2025-05-23	Kpn	gene_all_count	gene	drug	all_count	#e6ab02	21
doxycycline	141	0.32	1	0.6	0.2	NA	0.1	0.4	0.62	1.21	0.72	0.8	2025-05-23	Kpn	gene_all_count	gene	drug	all_count	#e6ab02	21
ertapenem	1382	0.65	1	0.6	0.2	NA	0.0215443469	1	0.97	0.62	0.98	0.97	2025-05-23	Kpn	gene_all_count	gene	drug	all_count	#e6ab02	21
extended spectrum beta lactamase	403	0.42	1	0.6	0.2	NA	0.1	0.4	0.94	1.22	0.95	0.95	2025-05-23	Kpn	gene_all_count	gene	drug	all_count	#e6ab02	21
fluoroquinolones	127	0.57	1	0.6	0.2	NA	0.1	0.6	0.76	0.23	0.66	0.68	2025-05-23	Kpn	gene_all_count	gene	drug	all_count	#e6ab02	21
fosfomycin	270	0.26	1	0.6	0.2	NA	0.004641588834	1	0.7	1.69	0.77	0.84	2025-05-23	Kpn	gene_all_count	gene	drug	all_count	#e6ab02	21
gentamicin	3662	0.38	1	0.6	0.2	NA	0.0215443469	0.2	0.92	1.34	0.93	0.94	2025-05-23	Kpn	gene_all_count	gene	drug	all_count	#e6ab02	21
imipenem	2199	0.46	1	0.6	0.2	NA	0.0215443469	0.4	0.94	1.06	0.94	0.95	2025-05-23	Kpn	gene_all_count	gene	drug	all_count	#e6ab02	21
kanamycin	82	0.93	1	0.6	0.2	NA	1.00E-04	0	1	0.1	NA	NA	2025-05-23	Kpn	gene_all_count	gene	drug	all_count	#e6ab02	21
levofloxacin	2009	0.79	1	0.6	0.2	NA	1.00E-04	0	0.96	0.33	0.91	0.91	2025-05-23	Kpn	gene_all_count	gene	drug	all_count	#e6ab02	21
meropenem	3520	0.33	1	0.6	0.2	NA	0.01	1	0.93	1.56	0.94	0.95	2025-05-23	Kpn	gene_all_count	gene	drug	all_count	#e6ab02	21
minocycline	87	0.22	1	0.6	0.2	NA	1.00E-04	0	0.8	2.06	0.86	0.86	2025-05-23	Kpn	gene_all_count	gene	drug	all_count	#e6ab02	21
moxifloxacin	92	0.42	1	0.6	0.2	NA	1.00E-04	0.4	0.36	0.51	0.58	0.61	2025-05-23	Kpn	gene_all_count	gene	drug	all_count	#e6ab02	21
nalidixic acid	157	0.64	1	0.6	0.2	NA	0.01	0.6	0.76	0.48	0.59	0.61	2025-05-23	Kpn	gene_all_count	gene	drug	all_count	#e6ab02	21
nitrofurantoin	1123	0.82	1	0.6	0.2	NA	0.1	0.2	0.9	0.24	0.7	0.74	2025-05-23	Kpn	gene_all_count	gene	drug	all_count	#e6ab02	21
norfloxacin	186	0.15	1	0.6	0.2	NA	1.00E-04	0.2	0.89	2.65	0.9	0.94	2025-05-23	Kpn	gene_all_count	gene	drug	all_count	#e6ab02	21
piperacillin/tazobactam	2505	0.68	1	0.6	0.2	NA	0.0215443469	0.2	0.91	0.51	0.87	0.87	2025-05-23	Kpn	gene_all_count	gene	drug	all_count	#e6ab02	21
polymyxin B	233	0.21	1	0.6	0.2	NA	1.00E-04	0	0.86	2.21	0.88	0.92	2025-05-23	Kpn	gene_all_count	gene	drug	all_count	#e6ab02	21
streptomycin	74	0.69	1	0.6	0.2	NA	1.00E-04	0.2	1	0.54	1	1	2025-05-23	Kpn	gene_all_count	gene	drug	all_count	#e6ab02	21
tetracycline	1705	0.53	1	0.6	0.2	NA	0.04641588834	0.4	0.83	0.81	0.83	0.83	2025-05-23	Kpn	gene_all_count	gene	drug	all_count	#e6ab02	21
ticarcillin/clavulanic acid	239	0.42	1	0.6	0.2	NA	1.00E-04	0.2	0.93	1.24	0.94	0.94	2025-05-23	Kpn	gene_all_count	gene	drug	all_count	#e6ab02	21
tigecycline	1114	0.23	1	0.6	0.2	NA	0.04641588834	0.2	0.64	1.67	0.74	0.78	2025-05-23	Kpn	gene_all_count	gene	drug	all_count	#e6ab02	21
tobramycin	2179	0.58	1	0.6	0.2	NA	0.01	0.4	0.93	0.73	0.92	0.92	2025-05-23	Kpn	gene_all_count	gene	drug	all_count	#e6ab02	21
trimethoprim	251	0.44	1	0.6	0.2	NA	0.0215443469	0.8	0.86	1.14	0.87	0.88	2025-05-23	Kpn	gene_all_count	gene	drug	all_count	#e6ab02	21
trimethoprim/sulfamethoxazole	3317	0.67	1	0.6	0.2	NA	0.1	0.2	0.95	0.56	0.92	0.92	2025-05-23	Kpn	gene_all_count	gene	drug	all_count	#e6ab02	21
trimethoprim/sulfobactam	225	0.33	1	0.6	0.2	NA	0.1	1	0.8	1.57	0.83	0.88	2025-05-23	Kpn	gene_all_count	gene	drug	all_count	#e6ab02	21
trimotheprim	127	0.72	1	0.6	0.2	NA	1.00E-04	0.2	0.88	0.26	0.64	0.74	2025-05-23	Kpn	gene_all_count	gene	drug	all_count	#e6ab02	21
aminoglycosides	3860	0.56	1	0.6	0.2	NA	0.0215443469	0.8	0.9	0.79	0.9	0.89	2025-05-23	Kpn	gene_all_count_class	gene	drug_class	all_count	#e6ab02	21
amphenicols	342	0.7	1	0.6	0.2	NA	0.0215443469	0.2	0.92	0.49	0.85	0.86	2025-05-23	Kpn	gene_all_count_class	gene	drug_class	all_count	#e6ab02	21
carbapenems	3816	0.39	1	0.6	0.2	NA	0.0215443469	0.4	0.94	1.33	0.95	0.95	2025-05-23	Kpn	gene_all_count_class	gene	drug_class	all_count	#e6ab02	21
cephalosporins	2914	0.83	1	0.6	0.2	NA	0.01	0.6	0.97	0.27	0.91	0.92	2025-05-23	Kpn	gene_all_count_class	gene	drug_class	all_count	#e6ab02	21
fluoroquinolones	3608	0.67	1	0.6	0.2	NA	0.0215443469	0.4	0.95	0.56	0.92	0.93	2025-05-23	Kpn	gene_all_count_class	gene	drug_class	all_count	#e6ab02	21
monobactams	2289	0.83	1	0.6	0.2	NA	0.04641588834	0.4	0.96	0.24	0.81	0.87	2025-05-23	Kpn	gene_all_count_class	gene	drug_class	all_count	#e6ab02	21
nitrofuran-derivatives	1123	0.82	1	0.6	0.2	NA	1.00E-04	0	0.94	0.26	0.71	0.75	2025-05-23	Kpn	gene_all_count_class	gene	drug_class	all_count	#e6ab02	21
penicillins/beta-lactamase-inhibitor	2863	0.82	1	0.6	0.2	NA	0.0215443469	0.6	0.96	0.27	0.82	0.87	2025-05-23	Kpn	gene_all_count_class	gene	drug_class	all_count	#e6ab02	21
phosphonic acid antibacterial	270	0.26	1	0.6	0.2	NA	0.004641588834	1	0.7	1.69	0.77	0.84	2025-05-23	Kpn	gene_all_count_class	gene	drug_class	all_count	#e6ab02	21
polymyxin	1422	0.23	1	0.6	0.2	NA	0.0215443469	0.2	0.57	1.65	0.71	0.74	2025-05-23	Kpn	gene_all_count_class	gene	drug_class	all_count	#e6ab02	21
quinolones	157	0.64	1	0.6	0.2	NA	0.01	0.6	0.76	0.48	0.59	0.61	2025-05-23	Kpn	gene_all_count_class	gene	drug_class	all_count	#e6ab02	21
tetracyclines	2665	0.44	1	0.6	0.2	NA	1.00E-04	0.2	0.77	0.97	0.8	0.8	2025-05-23	Kpn	gene_all_count_class	gene	drug_class	all_count	#e6ab02	21
trimethoprim-derivatives	251	0.44	1	0.6	0.2	NA	0.0215443469	0.8	0.86	1.14	0.87	0.88	2025-05-23	Kpn	gene_all_count_class	gene	drug_class	all_count	#e6ab02	21
trimethoprim/sulfonamides	3317	0.67	1	0.6	0.2	NA	0.1	0.2	0.94	0.55	0.9	0.91	2025-05-23	Kpn	gene_all_count_class	gene	drug_class	all_count	#e6ab02	21
amikacin	694	0.18	1	0.6	0.2	NA	0.0215443469	0.2	0.62	2	0.74	0.78	2025-05-22	Pae	domain_all_count	domain	drug	all_count	#66a61e	21
aztreonam	217	0.49	1	0.6	0.2	NA	0.1	0.4	0.62	0.65	0.62	0.62	2025-05-22	Pae	domain_all_count	domain	drug	all_count	#66a61e	21
cefepime	254	0.47	1	0.6	0.2	NA	0.04641588834	1	0.6	0.35	0.68	0.69	2025-05-22	Pae	domain_all_count	domain	drug	all_count	#66a61e	21
ceftazidime	829	0.46	1	0.6	0.2	NA	0.01	0.6	0.72	0.74	0.74	0.74	2025-05-22	Pae	domain_all_count	domain	drug	all_count	#66a61e	21
ceftazidime/avibactam	282	0.46	1	0.6	0.2	NA	0.1	0.4	0.68	0.92	0.74	0.76	2025-05-22	Pae	domain_all_count	domain	drug	all_count	#66a61e	21
ceftolozane/tazobactam	235	0.53	1	0.6	0.2	NA	0.04641588834	0.4	0.82	0.8	0.81	0.81	2025-05-22	Pae	domain_all_count	domain	drug	all_count	#66a61e	21
ciprofloxacin	677	0.54	1	0.6	0.2	NA	0.1	0.6	0.77	0.72	0.77	0.76	2025-05-22	Pae	domain_all_count	domain	drug	all_count	#66a61e	21
doripenem	68	0.71	1	0.6	0.2	NA	1.00E-04	0	0.87	0.45	0.62	0.72	2025-05-22	Pae	domain_all_count	domain	drug	all_count	#66a61e	21
gentamicin	365	0.27	1	0.6	0.2	NA	0.0215443469	1	0.8	1.74	0.86	0.86	2025-05-22	Pae	domain_all_count	domain	drug	all_count	#66a61e	21
imipenem	449	0.51	1	0.6	0.2	NA	0.1	0.6	0.82	0.77	0.83	0.83	2025-05-22	Pae	domain_all_count	domain	drug	all_count	#66a61e	21
levofloxacin	684	0.47	1	0.6	0.2	NA	1.00E-04	0	0.68	0.82	0.72	0.72	2025-05-22	Pae	domain_all_count	domain	drug	all_count	#66a61e	21
meropenem	835	0.55	1	0.6	0.2	NA	0.0215443469	0.8	0.69	0.41	0.63	0.63	2025-05-22	Pae	domain_all_count	domain	drug	all_count	#66a61e	21
piperacillin	143	0.17	1	0.6	0.2	NA	1.00E-04	0.2	0	-1.28	0.48	0.47	2025-05-22	Pae	domain_all_count	domain	drug	all_count	#66a61e	21
piperacillin/tazobactam	214	0.39	1	0.6	0.2	NA	0.04641588834	1	0.64	0.88	0.73	0.75	2025-05-22	Pae	domain_all_count	domain	drug	all_count	#66a61e	21
tobramycin	606	0.29	1	0.6	0.2	NA	1.00E-04	0	0.75	1.6	0.8	0.85	2025-05-22	Pae	domain_all_count	domain	drug	all_count	#66a61e	21
aminoglycosides	1059	0.33	1	0.6	0.2	NA	1.00E-04	0.8	0.82	1.42	0.87	0.87	2025-05-21	Pae	domain_all_count_class	domain	drug_class	all_count	#66a61e	21
carbapenems	1068	0.54	1	0.6	0.2	NA	0.04641588834	0.2	0.72	0.57	0.7	0.7	2025-05-21	Pae	domain_all_count_class	domain	drug_class	all_count	#66a61e	21
cephalosporins	261	0.49	1	0.6	0.2	NA	0.0215443469	0.2	0.69	0.61	0.72	0.72	2025-05-21	Pae	domain_all_count_class	domain	drug_class	all_count	#66a61e	21
fluoroquinolones	1011	0.52	1	0.6	0.2	NA	1.00E-04	0	0.74	0.74	0.75	0.75	2025-05-21	Pae	domain_all_count_class	domain	drug_class	all_count	#66a61e	21
monobactams	217	0.49	1	0.6	0.2	NA	0.1	0.4	0.62	0.65	0.62	0.62	2025-05-21	Pae	domain_all_count_class	domain	drug_class	all_count	#66a61e	21
penicillins	244	0.52	1	0.6	0.2	NA	1.00E-04	0	0.92	0.88	0.92	0.92	2025-05-21	Pae	domain_all_count_class	domain	drug_class	all_count	#66a61e	21
penicillins/beta-lactamase-inhibitor	218	0.41	1	0.6	0.2	NA	0.0215443469	0.2	0.48	0.81	0.62	0.63	2025-05-21	Pae	domain_all_count_class	domain	drug_class	all_count	#66a61e	21
polymyxin	557	0.02	1	0.6	0.2	NA	1.00E-04	0	NA	-1	0.5	NA	2025-05-21	Pae	domain_all_count_class	domain	drug_class	all_count	#66a61e	21
amikacin	694	0.18	1	0.6	0.2	NA	1.00E-04	0.2	0.49	1.92	0.67	0.72	2025-05-22	Pae	gene_all_count	gene	drug	all_count	#e6ab02	21
aztreonam	217	0.49	1	0.6	0.2	NA	0.04641588834	1	0.62	0.41	0.6	0.6	2025-05-22	Pae	gene_all_count	gene	drug	all_count	#e6ab02	21
cefepime	254	0.47	1	0.6	0.2	NA	0.1	1	0.64	0.53	0.66	0.66	2025-05-22	Pae	gene_all_count	gene	drug	all_count	#e6ab02	21
ceftazidime	829	0.46	1	0.6	0.2	NA	0.0215443469	0.4	0.71	0.8	0.75	0.76	2025-05-22	Pae	gene_all_count	gene	drug	all_count	#e6ab02	21
ceftazidime/avibactam	282	0.46	1	0.6	0.2	NA	0.0215443469	1	0.78	0.98	0.8	0.81	2025-05-22	Pae	gene_all_count	gene	drug	all_count	#e6ab02	21
ceftolozane/tazobactam	235	0.53	1	0.6	0.2	NA	0.1	0.8	0.86	0.8	0.85	0.85	2025-05-22	Pae	gene_all_count	gene	drug	all_count	#e6ab02	21
ciprofloxacin	677	0.54	1	0.6	0.2	NA	1.00E-04	0.2	0.78	0.75	0.8	0.8	2025-05-22	Pae	gene_all_count	gene	drug	all_count	#e6ab02	21
doripenem	68	0.71	1	0.6	0.2	NA	1.00E-04	0	0.87	0.42	0.62	0.72	2025-05-22	Pae	gene_all_count	gene	drug	all_count	#e6ab02	21
gentamicin	365	0.27	1	0.6	0.2	NA	0.04641588834	0.2	0.85	1.47	0.9	0.9	2025-05-22	Pae	gene_all_count	gene	drug	all_count	#e6ab02	21
imipenem	449	0.51	1	0.6	0.2	NA	0.004641588834	1	0.76	0.8	0.77	0.77	2025-05-22	Pae	gene_all_count	gene	drug	all_count	#e6ab02	21
levofloxacin	684	0.47	1	0.6	0.2	NA	0.1	0.2	0.79	0.89	0.82	0.83	2025-05-22	Pae	gene_all_count	gene	drug	all_count	#e6ab02	21
meropenem	835	0.55	1	0.6	0.2	NA	0.0215443469	0.8	0.75	0.58	0.72	0.72	2025-05-22	Pae	gene_all_count	gene	drug	all_count	#e6ab02	21
piperacillin	143	0.17	1	0.6	0.2	NA	1.00E-04	0.2	0	-0.63	0.46	0.46	2025-05-22	Pae	gene_all_count	gene	drug	all_count	#e6ab02	21
piperacillin/tazobactam	214	0.39	1	0.6	0.2	NA	1.00E-04	0	0.67	1.07	0.75	0.78	2025-05-22	Pae	gene_all_count	gene	drug	all_count	#e6ab02	21
tobramycin	606	0.29	1	0.6	0.2	NA	0.0215443469	0.2	0.78	1.58	0.83	0.86	2025-05-22	Pae	gene_all_count	gene	drug	all_count	#e6ab02	21
aminoglycosides	1059	0.33	1	0.6	0.2	NA	1.00E-04	0.4	0.83	1.51	0.86	0.88	2025-05-21	Pae	gene_all_count_class	gene	drug_class	all_count	#e6ab02	21
carbapenems	1068	0.54	1	0.6	0.2	NA	1.00E-04	0.8	0.83	0.72	0.81	0.81	2025-05-21	Pae	gene_all_count_class	gene	drug_class	all_count	#e6ab02	21
cephalosporins	261	0.49	1	0.6	0.2	NA	0.1	0.2	0.62	0.59	0.66	0.66	2025-05-21	Pae	gene_all_count_class	gene	drug_class	all_count	#e6ab02	21
fluoroquinolones	1011	0.52	1	0.6	0.2	NA	1.00E-04	1	0.75	0.64	0.75	0.75	2025-05-21	Pae	gene_all_count_class	gene	drug_class	all_count	#e6ab02	21
monobactams	217	0.49	1	0.6	0.2	NA	0.04641588834	1	0.62	0.41	0.6	0.6	2025-05-21	Pae	gene_all_count_class	gene	drug_class	all_count	#e6ab02	21
penicillins	244	0.52	1	0.6	0.2	NA	1.00E-04	0	0.94	0.88	0.94	0.94	2025-05-21	Pae	gene_all_count_class	gene	drug_class	all_count	#e6ab02	21
penicillins/beta-lactamase-inhibitor	218	0.41	1	0.6	0.2	NA	1.00E-04	0.2	0.55	0.96	0.66	0.69	2025-05-21	Pae	gene_all_count_class	gene	drug_class	all_count	#e6ab02	21
polymyxin	557	0.02	1	0.6	0.2	NA	1.00E-04	0.8	NA	-Inf	0.5	NA	2025-05-21	Pae	gene_all_count_class	gene	drug_class	all_count	#e6ab02	21
amoxicillin/clavulanic acid	18	0.5	1	0.6	0.2	NA	1.00E-04	0	0.5	-0.25	0.5	0.5	2025-05-19	Sau	domain_all_count	domain	drug	all_count	#66a61e	21
cefoxitin	1034	0.78	1	0.6	0.2	NA	1.00E-04	0.2	0.99	0.36	0.98	0.99	2025-05-19	Sau	domain_all_count	domain	drug	all_count	#66a61e	21
chloramphenicol	784	0.04	1	0.6	0.2	NA	1.00E-04	0.4	0.89	4.58	0.9	0.95	2025-05-19	Sau	domain_all_count	domain	drug	all_count	#66a61e	21
ciprofloxacin	2209	0.46	1	0.6	0.2	NA	0.004641588834	0.8	0.88	1.03	0.89	0.89	2025-05-19	Sau	domain_all_count	domain	drug	all_count	#66a61e	21
clindamycin	1086	0.38	1	0.6	0.2	NA	0.01	0.8	0.86	1.29	0.89	0.9	2025-05-19	Sau	domain_all_count	domain	drug	all_count	#66a61e	21
erythromycin	2351	0.37	1	0.6	0.2	NA	0.004641588834	0.6	0.85	1.28	0.88	0.88	2025-05-19	Sau	domain_all_count	domain	drug	all_count	#66a61e	21
florfenicol	17	0.53	1	0.6	0.2	NA	1.00E-04	0	1	0.92	1	1	2025-05-19	Sau	domain_all_count	domain	drug	all_count	#66a61e	21
fusidic acid	1956	0.15	1	0.6	0.2	NA	0.1	0.2	0.85	2.49	0.87	0.92	2025-05-19	Sau	domain_all_count	domain	drug	all_count	#66a61e	21
gentamicin	2382	0.12	1	0.6	0.2	NA	1.00E-04	0.4	0.97	2.95	0.98	0.98	2025-05-19	Sau	domain_all_count	domain	drug	all_count	#66a61e	21
kanamycin	58	0.31	1	0.6	0.2	NA	1.00E-04	0	1	1.69	1	1	2025-05-19	Sau	domain_all_count	domain	drug	all_count	#66a61e	21
levofloxacin	281	0.1	1	0.6	0.2	NA	1.00E-04	0	0.62	3.09	0.72	0.82	2025-05-19	Sau	domain_all_count	domain	drug	all_count	#66a61e	21
methicillin	1898	0.58	1	0.6	0.2	NA	1.00E-04	0.4	0.97	0.77	0.97	0.97	2025-05-19	Sau	domain_all_count	domain	drug	all_count	#66a61e	21
mupirocin	1292	0.03	1	0.6	0.2	NA	1.00E-04	0.2	0.67	3.87	0.87	0.83	2025-05-19	Sau	domain_all_count	domain	drug	all_count	#66a61e	21
oxacillin	610	0.24	1	0.6	0.2	NA	1.00E-04	0.4	0.84	1.95	0.9	0.9	2025-05-19	Sau	domain_all_count	domain	drug	all_count	#66a61e	21
penicillin	1358	0.88	1	0.6	0.2	NA	0.04641588834	0.2	0.98	0.17	0.93	0.92	2025-05-19	Sau	domain_all_count	domain	drug	all_count	#66a61e	21
rifampin	1990	0.02	1	0.6	0.2	NA	1.00E-04	0.2	0	0	0.49	0.49	2025-05-19	Sau	domain_all_count	domain	drug	all_count	#66a61e	21
tetracycline	1992	0.17	1	0.6	0.2	NA	0.0215443469	0.2	0.74	2.3	0.81	0.85	2025-05-19	Sau	domain_all_count	domain	drug	all_count	#66a61e	21
tiamulin	17	0.59	1	0.6	0.2	NA	1.00E-04	0	1	0.76	1	1	2025-05-19	Sau	domain_all_count	domain	drug	all_count	#66a61e	21
tigecycline	21	0.48	1	0.6	0.2	NA	1.00E-04	0	1	1.06	1	1	2025-05-19	Sau	domain_all_count	domain	drug	all_count	#66a61e	21
tobramycin	62	0.29	1	0.6	0.2	NA	1.00E-04	0.2	1	1.79	1	1	2025-05-19	Sau	domain_all_count	domain	drug	all_count	#66a61e	21
trimethoprim	559	0.04	1	0.6	0.2	NA	0.01	0.4	0.67	3.81	0.75	0.85	2025-05-19	Sau	domain_all_count	domain	drug	all_count	#66a61e	21
trimethoprim/sulfamethoxazole	719	0.25	1	0.6	0.2	NA	1.00E-04	0.2	0.89	1.91	0.92	0.92	2025-05-19	Sau	domain_all_count	domain	drug	all_count	#66a61e	21
vancomycin	1343	0.03	1	0.6	0.2	NA	1.00E-04	0.2	1	5.06	1	1	2025-05-19	Sau	domain_all_count	domain	drug	all_count	#66a61e	21
aminoacyl-trna synthetase inhibitor	1292	0.03	1	0.6	0.2	NA	1.00E-04	0.2	0.8	4.89	0.86	0.9	2025-05-20	Sau	domain_all_count_class	domain	drug_class	all_count	#66a61e	21
aminoglycosides	2382	0.12	1	0.6	0.2	NA	1.00E-04	0.2	0.99	3.06	0.99	1	2025-05-20	Sau	domain_all_count_class	domain	drug_class	all_count	#66a61e	21
amphenicols	801	0.05	1	0.6	0.2	NA	0.0215443469	0.6	0.83	3.87	0.86	0.92	2025-05-20	Sau	domain_all_count_class	domain	drug_class	all_count	#66a61e	21
cephalosporins	1052	0.78	1	0.6	0.2	NA	1.00E-04	0.2	0.99	0.36	0.98	0.98	2025-05-20	Sau	domain_all_count_class	domain	drug_class	all_count	#66a61e	21
fluoroquinolones	2481	0.42	1	0.6	0.2	NA	1.00E-04	0.6	0.9	1.18	0.92	0.92	2025-05-20	Sau	domain_all_count_class	domain	drug_class	all_count	#66a61e	21
fusidane	1956	0.15	1	0.6	0.2	NA	0.0215443469	0.2	0.85	2.54	0.88	0.91	2025-05-20	Sau	domain_all_count_class	domain	drug_class	all_count	#66a61e	21
glycopeptides	1343	0.03	1	0.6	0.2	NA	1.00E-04	0.2	1	5.06	1	1	2025-05-20	Sau	domain_all_count_class	domain	drug_class	all_count	#66a61e	21
lincosamides	1086	0.38	1	0.6	0.2	NA	0.0215443469	0.8	0.85	1.26	0.88	0.89	2025-05-20	Sau	domain_all_count_class	domain	drug_class	all_count	#66a61e	21
macrolides	2351	0.37	1	0.6	0.2	NA	0.01	0.8	0.81	1.3	0.85	0.85	2025-05-20	Sau	domain_all_count_class	domain	drug_class	all_count	#66a61e	21
penicillins	2510	0.87	1	0.6	0.2	NA	1.00E-04	0.4	0.98	0.17	0.88	0.9	2025-05-20	Sau	domain_all_count_class	domain	drug_class	all_count	#66a61e	21
penicillins/beta-lactamase-inhibitor	18	0.5	1	0.6	0.2	NA	1.00E-04	0	0.5	-0.25	0.5	0.5	2025-05-20	Sau	domain_all_count_class	domain	drug_class	all_count	#66a61e	21
pleuromutilin	17	0.59	1	0.6	0.2	NA	1.00E-04	0	1	0.76	1	1	2025-05-20	Sau	domain_all_count_class	domain	drug_class	all_count	#66a61e	21
rifamycins	1990	0.02	1	0.6	0.2	NA	1.00E-04	0.2	0.29	3.25	0.59	0.67	2025-05-20	Sau	domain_all_count_class	domain	drug_class	all_count	#66a61e	21
tetracyclines	2011	0.16	1	0.6	0.2	NA	0.01	1	0.79	2.41	0.85	0.88	2025-05-20	Sau	domain_all_count_class	domain	drug_class	all_count	#66a61e	21
trimethoprim-derivatives	559	0.04	1	0.6	0.2	NA	0.01	0.4	0.67	3.81	0.75	0.85	2025-05-20	Sau	domain_all_count_class	domain	drug_class	all_count	#66a61e	21
trimethoprim/sulfonamides	719	0.25	1	0.6	0.2	NA	1.00E-04	1	0.87	1.91	0.91	0.92	2025-05-20	Sau	domain_all_count_class	domain	drug_class	all_count	#66a61e	21
amoxicillin/clavulanic acid	18	0.5	1	0.6	0.2	NA	1.00E-04	0	0.5	-0.25	0.5	0.5	2025-05-19	Sau	gene_all_count	gene	drug	all_count	#e6ab02	21
cefoxitin	1034	0.78	1	0.6	0.2	NA	1.00E-04	0.2	1	0.36	0.99	0.99	2025-05-19	Sau	gene_all_count	gene	drug	all_count	#e6ab02	21
chloramphenicol	784	0.04	1	0.6	0.2	NA	1.00E-04	0.2	0.89	4.48	0.9	0.95	2025-05-19	Sau	gene_all_count	gene	drug	all_count	#e6ab02	21
ciprofloxacin	2209	0.46	1	0.6	0.2	NA	0.01	1	0.92	1.06	0.92	0.93	2025-05-19	Sau	gene_all_count	gene	drug	all_count	#e6ab02	21
clindamycin	1086	0.38	1	0.6	0.2	NA	1.00E-04	0.8	0.93	1.35	0.94	0.95	2025-05-19	Sau	gene_all_count	gene	drug	all_count	#e6ab02	21
erythromycin	2351	0.37	1	0.6	0.2	NA	0.004641588834	0.8	0.95	1.41	0.96	0.96	2025-05-19	Sau	gene_all_count	gene	drug	all_count	#e6ab02	21
florfenicol	17	0.53	1	0.6	0.2	NA	1.00E-04	0	1	0.92	1	1	2025-05-19	Sau	gene_all_count	gene	drug	all_count	#e6ab02	21
fusidic acid	1956	0.15	1	0.6	0.2	NA	0.0215443469	0.8	0.85	2.54	0.88	0.92	2025-05-19	Sau	gene_all_count	gene	drug	all_count	#e6ab02	21
gentamicin	2382	0.12	1	0.6	0.2	NA	1.00E-04	0.4	0.95	2.95	0.98	0.97	2025-05-19	Sau	gene_all_count	gene	drug	all_count	#e6ab02	21
kanamycin	58	0.31	1	0.6	0.2	NA	1.00E-04	0	1	1.69	1	1	2025-05-19	Sau	gene_all_count	gene	drug	all_count	#e6ab02	21
levofloxacin	281	0.1	1	0.6	0.2	NA	1.00E-04	0	0.62	3.14	0.72	0.82	2025-05-19	Sau	gene_all_count	gene	drug	all_count	#e6ab02	21
methicillin	1898	0.58	1	0.6	0.2	NA	0.1	0.2	0.99	0.77	0.98	0.98	2025-05-19	Sau	gene_all_count	gene	drug	all_count	#e6ab02	21
mupirocin	1292	0.03	1	0.6	0.2	NA	1.00E-04	0.2	0.5	3.22	0.87	0.76	2025-05-19	Sau	gene_all_count	gene	drug	all_count	#e6ab02	21
oxacillin	610	0.24	1	0.6	0.2	NA	1.00E-04	0.2	0.86	2.01	0.92	0.91	2025-05-19	Sau	gene_all_count	gene	drug	all_count	#e6ab02	21
penicillin	1358	0.88	1	0.6	0.2	NA	0.04641588834	0.4	0.99	0.14	0.95	0.95	2025-05-19	Sau	gene_all_count	gene	drug	all_count	#e6ab02	21
rifampin	1990	0.02	1	0.6	0.2	NA	1.00E-04	0.2	0	0	0.49	0.49	2025-05-19	Sau	gene_all_count	gene	drug	all_count	#e6ab02	21
tetracycline	1992	0.17	1	0.6	0.2	NA	0.004641588834	1	0.95	2.5	0.97	0.97	2025-05-19	Sau	gene_all_count	gene	drug	all_count	#e6ab02	21
tiamulin	17	0.59	1	0.6	0.2	NA	1.00E-04	0	1	0.76	1	1	2025-05-19	Sau	gene_all_count	gene	drug	all_count	#e6ab02	21
tigecycline	21	0.48	1	0.6	0.2	NA	1.00E-04	0	1	1.06	1	1	2025-05-19	Sau	gene_all_count	gene	drug	all_count	#e6ab02	21
tobramycin	62	0.29	1	0.6	0.2	NA	1.00E-04	0.2	1	1.79	1	1	2025-05-19	Sau	gene_all_count	gene	drug	all_count	#e6ab02	21
trimethoprim	559	0.04	1	0.6	0.2	NA	1.00E-04	0.4	0.57	3.7	0.75	0.78	2025-05-19	Sau	gene_all_count	gene	drug	all_count	#e6ab02	21
trimethoprim/sulfamethoxazole	719	0.25	1	0.6	0.2	NA	0.0215443469	0.6	0.9	1.93	0.93	0.93	2025-05-19	Sau	gene_all_count	gene	drug	all_count	#e6ab02	21
vancomycin	1343	0.03	1	0.6	0.2	NA	1.00E-04	0	1	5.06	1	1	2025-05-19	Sau	gene_all_count	gene	drug	all_count	#e6ab02	21
aminoacyl-trna synthetase inhibitor	1292	0.03	1	0.6	0.2	NA	1.00E-04	1	0.8	4.42	0.86	0.9	2025-05-20	Sau	gene_all_count_class	gene	drug_class	all_count	#e6ab02	21
aminoglycosides	2382	0.12	1	0.6	0.2	NA	0.0215443469	0.4	1	3.06	1	1	2025-05-20	Sau	gene_all_count_class	gene	drug_class	all_count	#e6ab02	21
amphenicols	801	0.05	1	0.6	0.2	NA	1.00E-04	1	0.86	4.14	0.93	0.93	2025-05-20	Sau	gene_all_count_class	gene	drug_class	all_count	#e6ab02	21
cephalosporins	1052	0.78	1	0.6	0.2	NA	1.00E-04	0.2	0.99	0.36	0.98	0.98	2025-05-20	Sau	gene_all_count_class	gene	drug_class	all_count	#e6ab02	21
fluoroquinolones	2481	0.42	1	0.6	0.2	NA	0.01	1	0.93	1.22	0.94	0.94	2025-05-20	Sau	gene_all_count_class	gene	drug_class	all_count	#e6ab02	21
fusidane	1956	0.15	1	0.6	0.2	NA	0.1	0.2	0.85	2.57	0.87	0.92	2025-05-20	Sau	gene_all_count_class	gene	drug_class	all_count	#e6ab02	21
glycopeptides	1343	0.03	1	0.6	0.2	NA	1.00E-04	0	1	5.06	1	1	2025-05-20	Sau	gene_all_count_class	gene	drug_class	all_count	#e6ab02	21
lincosamides	1086	0.38	1	0.6	0.2	NA	0.04641588834	0.2	0.86	1.28	0.89	0.9	2025-05-20	Sau	gene_all_count_class	gene	drug_class	all_count	#e6ab02	21
macrolides	2351	0.37	1	0.6	0.2	NA	1.00E-04	0.4	0.95	1.41	0.96	0.96	2025-05-20	Sau	gene_all_count_class	gene	drug_class	all_count	#e6ab02	21
penicillins	2510	0.87	1	0.6	0.2	NA	0.0215443469	0.4	0.98	0.19	0.89	0.91	2025-05-20	Sau	gene_all_count_class	gene	drug_class	all_count	#e6ab02	21
penicillins/beta-lactamase-inhibitor	18	0.5	1	0.6	0.2	NA	1.00E-04	0	0.5	-0.25	0.5	0.5	2025-05-20	Sau	gene_all_count_class	gene	drug_class	all_count	#e6ab02	21
pleuromutilin	17	0.59	1	0.6	0.2	NA	1.00E-04	0	1	0.76	1	1	2025-05-20	Sau	gene_all_count_class	gene	drug_class	all_count	#e6ab02	21
rifamycins	1990	0.02	1	0.6	0.2	NA	1.00E-04	0.2	0.15	2.58	0.54	0.6	2025-05-20	Sau	gene_all_count_class	gene	drug_class	all_count	#e6ab02	21
tetracyclines	2011	0.16	1	0.6	0.2	NA	1.00E-04	0.8	0.94	2.58	0.96	0.96	2025-05-20	Sau	gene_all_count_class	gene	drug_class	all_count	#e6ab02	21
trimethoprim-derivatives	559	0.04	1	0.6	0.2	NA	1.00E-04	0.4	0.57	3.7	0.75	0.78	2025-05-20	Sau	gene_all_count_class	gene	drug_class	all_count	#e6ab02	21
trimethoprim/sulfonamides	719	0.25	1	0.6	0.2	NA	0.04641588834	0.8	0.9	1.9	0.93	0.93	2025-05-20	Sau	gene_all_count_class	gene	drug_class	all_count	#e6ab02	21
amikacin	1278	0.6	1	0.6	0.2	NA	0.0215443469	0.8	0.96	0.72	0.94	0.95	2025-05-29	Aba	protein_all_count	protein	drug	all_count	skyblue	21
carbapenem	189	0.62	1	0.6	0.2	NA	1.00E-04	0	0.94	0.62	0.91	0.92	2025-05-29	Aba	protein_all_count	protein	drug	all_count	skyblue	21
cefepime	496	0.86	1	0.6	0.2	NA	1.00E-04	0	0.95	0.2	0.74	0.79	2025-05-29	Aba	protein_all_count	protein	drug	all_count	skyblue	21
cefotaxime	743	0.96	1	0.6	0.2	NA	0.1	0.2	0.98	0.04	0.5	NA	2025-05-29	Aba	protein_all_count	protein	drug	all_count	skyblue	21
ceftazidime	1234	0.84	1	0.6	0.2	NA	1.00E-04	0	0.98	0.25	0.91	0.94	2025-05-29	Aba	protein_all_count	protein	drug	all_count	skyblue	21
ceftriaxone	1058	0.92	1	0.6	0.2	NA	0.00215443469	1	0.98	0.12	0.77	0.79	2025-05-29	Aba	protein_all_count	protein	drug	all_count	skyblue	21
ciprofloxacin	1415	0.89	1	0.6	0.2	NA	0.01	0.4	0.96	0.15	0.77	0.83	2025-05-29	Aba	protein_all_count	protein	drug	all_count	skyblue	21
colistin	373	0.06	1	0.6	0.2	NA	0.01	1	0.67	3.37	0.75	0.85	2025-05-29	Aba	protein_all_count	protein	drug	all_count	skyblue	21
doripenem	197	0.3	1	0.6	0.2	NA	1.00E-04	1	1	1.74	1	1	2025-05-29	Aba	protein_all_count	protein	drug	all_count	skyblue	21
doxycycline	148	0.64	1	0.6	0.2	NA	0.1	0.4	0.95	0.61	0.93	0.93	2025-05-29	Aba	protein_all_count	protein	drug	all_count	skyblue	21
gentamicin	1339	0.87	1	0.6	0.2	NA	1.00E-04	1	0.96	0.19	0.78	0.84	2025-05-29	Aba	protein_all_count	protein	drug	all_count	skyblue	21
imipenem	1542	0.51	1	0.6	0.2	NA	0.04641588834	0.4	0.92	0.91	0.92	0.92	2025-05-29	Aba	protein_all_count	protein	drug	all_count	skyblue	21
levofloxacin	928	0.79	1	0.6	0.2	NA	1.00E-04	0	0.96	0.33	0.87	0.89	2025-05-29	Aba	protein_all_count	protein	drug	all_count	skyblue	21
meropenem	723	0.66	1	0.6	0.2	NA	1.00E-04	0.8	0.96	0.58	0.94	0.95	2025-05-29	Aba	protein_all_count	protein	drug	all_count	skyblue	21
minocycline	128	0.2	1	0.6	0.2	NA	1.00E-04	0	NA	1.32	0.5	NA	2025-05-29	Aba	protein_all_count	protein	drug	all_count	skyblue	21
moxifloxacin	79	0.65	1	0.6	0.2	NA	1.00E-04	0	0.87	0.56	0.79	0.8	2025-05-29	Aba	protein_all_count	protein	drug	all_count	skyblue	21
nalidixic acid	86	0.93	1	0.6	0.2	NA	1.00E-04	0	1	0.1	NA	NA	2025-05-29	Aba	protein_all_count	protein	drug	all_count	skyblue	21
neomycin	63	0.92	1	0.6	0.2	NA	1.00E-04	0	1	0.12	1	1	2025-05-29	Aba	protein_all_count	protein	drug	all_count	skyblue	21
polymyxin B	107	0.14	1	0.6	0.2	NA	1.00E-04	0.2	0.67	1.48	0.81	0.81	2025-05-29	Aba	protein_all_count	protein	drug	all_count	skyblue	21
tetracycline	960	0.75	1	0.6	0.2	NA	0.04641588834	0.4	0.97	0.39	0.92	0.93	2025-05-29	Aba	protein_all_count	protein	drug	all_count	skyblue	21
tobramycin	1066	0.67	1	0.6	0.2	NA	0.0215443469	0.6	0.91	0.55	0.83	0.85	2025-05-29	Aba	protein_all_count	protein	drug	all_count	skyblue	21
imipenem	93	0.63	1	0.6	0.2	NA	0.004641588834	0.8	0.96	0.65	0.93	0.94	2025-05-29	Esp.	protein_all_count	protein	drug	all_count	skyblue	21
gentamicin	167	0.47	1	0.6	0.2	NA	1.00E-04	0.2	0.91	1.06	0.92	0.92	2025-05-29	Esp.	protein_all_count	protein	drug	all_count	skyblue	21
meropenem	159	0.31	1	0.6	0.2	NA	1.00E-04	0.2	0.62	1.44	0.73	0.77	2025-05-29	Esp.	protein_all_count	protein	drug	all_count	skyblue	21
ciprofloxacin	119	0.61	1	0.6	0.2	NA	0.04641588834	0.8	0.84	0.59	0.78	0.79	2025-05-29	Esp.	protein_all_count	protein	drug	all_count	skyblue	21
amikacin	188	0.09	1	0.6	0.2	NA	1.00E-04	0.4	0.67	2.87	0.75	0.84	2025-05-29	Esp.	protein_all_count	protein	drug	all_count	skyblue	21
cefotaxime	182	0.97	1	0.6	0.2	NA	1.00E-04	0	0.94	-0.01	0.49	0.48	2025-05-29	Esp.	protein_all_count	protein	drug	all_count	skyblue	21
levofloxacin	102	0.56	1	0.6	0.2	NA	1.00E-04	0.2	0.86	0.78	0.88	0.88	2025-05-29	Esp.	protein_all_count	protein	drug	all_count	skyblue	21
ceftazidime	113	0.94	1	0.6	0.2	NA	1.00E-04	0	0.98	0.09	0.5	NA	2025-05-29	Esp.	protein_all_count	protein	drug	all_count	skyblue	21
trimethoprim/sulfamethoxazole	92	0.53	1	0.6	0.2	NA	1.00E-04	0.2	0.95	0.89	0.94	0.95	2025-05-29	Esp.	protein_all_count	protein	drug	all_count	skyblue	21
cefepime	105	0.68	1	0.6	0.2	NA	0.04641588834	0.2	0.91	0.5	0.79	0.85	2025-05-29	Esp.	protein_all_count	protein	drug	all_count	skyblue	21
ertapenem	227	0.89	1	0.6	0.2	NA	1.00E-04	0	0.92	-0.07	0.5	NA	2025-05-29	Esp.	protein_all_count	protein	drug	all_count	skyblue	21
tigecycline	129	0.26	1	0.6	0.2	NA	1.00E-04	0.2	0.25	0.91	0.57	0.66	2025-05-29	Esp.	protein_all_count	protein	drug	all_count	skyblue	21
tobramycin	159	0.65	1	0.6	0.2	NA	0.1	0.4	0.95	0.62	0.91	0.93	2025-05-29	Esp.	protein_all_count	protein	drug	all_count	skyblue	21
tetracycline	65	0.37	1	0.6	0.2	NA	1.00E-04	0.6	0.29	0.55	0.54	0.56	2025-05-29	Esp.	protein_all_count	protein	drug	all_count	skyblue	21
piperacillin/tazobactam	190	0.93	1	0.6	0.2	NA	1.00E-04	0.2	0.97	0.09	0.5	NA	2025-05-29	Esp.	protein_all_count	protein	drug	all_count	skyblue	21
doripenem	43	0.49	1	0.6	0.2	NA	1.00E-04	1	0.89	0.96	0.9	0.91	2025-05-29	Esp.	protein_all_count	protein	drug	all_count	skyblue	21
chloramphenicol	15	0.47	1	0.6	0.2	NA	1.00E-04	0.2	NA	1.09	0.5	NA	2025-05-29	Esp.	protein_all_count	protein	drug	all_count	skyblue	21
carbapenem	65	0.49	1	0.6	0.2	NA	1.00E-04	0.2	1	1.03	1	1	2025-05-29	Esp.	protein_all_count	protein	drug	all_count	skyblue	21
beta-lactam	114	0.72	1	0.6	0.2	NA	0.1	0.4	0.81	0.21	0.58	0.6	2025-05-29	Esp.	protein_all_count	protein	drug	all_count	skyblue	21
trimotheprim	112	0.29	1	0.6	0.2	NA	0.04641588834	1	0.8	1.74	0.87	0.85	2025-05-29	Esp.	protein_all_count	protein	drug	all_count	skyblue	21
fluoroquinolones	112	0.28	1	0.6	0.2	NA	1.00E-04	0	0.4	0.95	0.61	0.66	2025-05-29	Esp.	protein_all_count	protein	drug	all_count	skyblue	21
aminogycosides	112	0.24	1	0.6	0.2	NA	0.1	1	0.67	1.74	0.77	0.77	2025-05-29	Esp.	protein_all_count	protein	drug	all_count	skyblue	21
trimethoprim/sulfamethoxazole	92	0.53	1	0.6	0.2	NA	1.00E-04	0.2	0.95	0.89	0.94	0.95	2025-05-29	Esp.	protein_all_count	protein	drug	all_count	skyblue	21
vancomycin	896	0.61	1	0.6	0.2	NA	1.00E-04	0.2	0.99	0.71	0.99	0.99	2025-05-29	Efa	protein_all_count	protein	drug	all_count	skyblue	21
daptomycin	251	0.19	1	0.6	0.2	NA	1.00E-04	0	0.75	2.21	0.8	0.87	2025-05-29	Efa	protein_all_count	protein	drug	all_count	skyblue	21
linezolid	230	0.27	1	0.6	0.2	NA	1.00E-04	0.2	0.92	1.85	0.95	0.95	2025-05-29	Efa	protein_all_count	protein	drug	all_count	skyblue	21
streptomycin	169	0.49	1	0.6	0.2	NA	1.00E-04	0	1	1.03	1	1	2025-05-29	Efa	protein_all_count	protein	drug	all_count	skyblue	21
gentamicin	210	0.33	1	0.6	0.2	NA	1.00E-04	0	0.9	1.08	0.93	0.92	2025-05-29	Efa	protein_all_count	protein	drug	all_count	skyblue	21
teicoplanin	153	0.82	1	0.6	0.2	NA	1.00E-04	0.2	1	0.29	1	1	2025-05-29	Efa	protein_all_count	protein	drug	all_count	skyblue	21
chloramphenicol	37	0.81	1	0.6	0.2	NA	1.00E-04	0.2	1	0.3	1	1	2025-05-29	Efa	protein_all_count	protein	drug	all_count	skyblue	21
synercid	40	0.2	1	0.6	0.2	NA	1.00E-04	1	1	2.32	1	1	2025-05-29	Efa	protein_all_count	protein	drug	all_count	skyblue	21
nitrofurantoin	40	0.85	1	0.6	0.2	NA	1.00E-04	0	0.93	0.23	0.75	0.83	2025-05-29	Efa	protein_all_count	protein	drug	all_count	skyblue	21
tetracycline	12	0.5	1	0.6	0.2	NA	1.00E-04	0	0.67	1	0.75	0.79	2025-05-29	Efa	protein_all_count	protein	drug	all_count	skyblue	21
dalbavancin	44	0.77	1	0.6	0.2	NA	0.1	0.4	1	0.38	1	1	2025-05-29	Efa	protein_all_count	protein	drug	all_count	skyblue	21
tedizolid	44	0.73	1	0.6	0.2	NA	1.00E-04	0.2	0.92	0.42	0.93	0.9	2025-05-29	Efa	protein_all_count	protein	drug	all_count	skyblue	21
ceftazidime	829	0.46	1	0.6	0.2	NA	0.1	0.2	0.72	0.85	0.75	0.75	2025-05-29	Pae	protein_all_count	protein	drug	all_count	skyblue	21
ciprofloxacin	677	0.54	1	0.6	0.2	NA	0.04641588834	0.4	0.77	0.7	0.75	0.75	2025-05-29	Pae	protein_all_count	protein	drug	all_count	skyblue	21
imipenem	449	0.51	1	0.6	0.2	NA	0.1	0.6	0.87	0.75	0.86	0.86	2025-05-29	Pae	protein_all_count	protein	drug	all_count	skyblue	21
amikacin	694	0.18	1	0.6	0.2	NA	0.1	0.2	0.64	2.17	0.75	0.8	2025-05-29	Pae	protein_all_count	protein	drug	all_count	skyblue	21
levofloxacin	684	0.47	1	0.6	0.2	NA	1.00E-04	0.6	0.76	0.79	0.78	0.79	2025-05-29	Pae	protein_all_count	protein	drug	all_count	skyblue	21
tobramycin	606	0.29	1	0.6	0.2	NA	0.1	0.2	0.79	1.6	0.84	0.86	2025-05-29	Pae	protein_all_count	protein	drug	all_count	skyblue	21
piperacillin	143	0.17	1	0.6	0.2	NA	1.00E-04	0	0.29	1.3	0.58	0.62	2025-05-29	Pae	protein_all_count	protein	drug	all_count	skyblue	21
gentamicin	365	0.27	1	0.6	0.2	NA	1.00E-04	0.4	0.67	1.8	0.75	0.82	2025-05-29	Pae	protein_all_count	protein	drug	all_count	skyblue	21
meropenem	835	0.55	1	0.6	0.2	NA	0.04641588834	0.6	0.75	0.66	0.73	0.73	2025-05-29	Pae	protein_all_count	protein	drug	all_count	skyblue	21
ceftazidime/avibactam	282	0.46	1	0.6	0.2	NA	0.1	0.8	0.71	0.94	0.75	0.75	2025-05-29	Pae	protein_all_count	protein	drug	all_count	skyblue	21
cefepime	254	0.47	1	0.6	0.2	NA	0.0215443469	0.2	0.64	0.45	0.66	0.66	2025-05-29	Pae	protein_all_count	protein	drug	all_count	skyblue	21
aztreonam	217	0.49	1	0.6	0.2	NA	0.0215443469	0.2	0.6	0.65	0.64	0.65	2025-05-29	Pae	protein_all_count	protein	drug	all_count	skyblue	21
ceftolozane/tazobactam	235	0.53	1	0.6	0.2	NA	0.1	0.6	0.83	0.81	0.84	0.84	2025-05-29	Pae	protein_all_count	protein	drug	all_count	skyblue	21
doripenem	68	0.71	1	0.6	0.2	NA	1.00E-04	0	0.82	0.46	0.85	0.82	2025-05-29	Pae	protein_all_count	protein	drug	all_count	skyblue	21
piperacillin/tazobactam	214	0.39	1	0.6	0.2	NA	1.00E-04	0	0.59	1.05	0.7	0.73	2025-05-29	Pae	protein_all_count	protein	drug	all_count	skyblue	21
cefiderocol	200	0.03	1	0.6	0.2	NA	1.00E-04	1	NA	-1.58	0.5	NA	2025-05-29	Pae	protein_all_count	protein	drug	all_count	skyblue	21
penicillin	1359	0.88	1	0.6	0.2	NA	0.1	1	0.99	0.17	0.94	0.93	2025-05-29	Sau	protein_all_count	protein	drug	all_count	skyblue	21
methicillin	1899	0.58	1	0.6	0.2	NA	1.00E-04	0.2	0.99	0.77	0.99	0.99	2025-05-29	Sau	protein_all_count	protein	drug	all_count	skyblue	21
gentamicin	2383	0.12	1	0.6	0.2	NA	1.00E-04	0.2	0.98	3.04	1	0.99	2025-05-29	Sau	protein_all_count	protein	drug	all_count	skyblue	21
rifampin	1991	0.02	1	0.6	0.2	NA	1.00E-04	0.2	0	0	0.5	0.5	2025-05-29	Sau	protein_all_count	protein	drug	all_count	skyblue	21
tetracycline	1993	0.17	1	0.6	0.2	NA	1.00E-04	0.4	0.98	2.54	1	0.99	2025-05-29	Sau	protein_all_count	protein	drug	all_count	skyblue	21
erythromycin	2352	0.37	1	0.6	0.2	NA	0.01	1	0.98	1.41	0.98	0.98	2025-05-29	Sau	protein_all_count	protein	drug	all_count	skyblue	21
vancomycin	1344	0.03	1	0.6	0.2	NA	1.00E-04	0	1	5.06	1	1	2025-05-29	Sau	protein_all_count	protein	drug	all_count	skyblue	21
fusidic acid	1957	0.15	1	0.6	0.2	NA	0.0215443469	0.4	0.85	2.54	0.87	0.92	2025-05-29	Sau	protein_all_count	protein	drug	all_count	skyblue	21
ciprofloxacin	2210	0.46	1	0.6	0.2	NA	0.0215443469	0.4	0.93	1.06	0.94	0.94	2025-05-29	Sau	protein_all_count	protein	drug	all_count	skyblue	21
mupirocin	1292	0.03	1	0.6	0.2	NA	0.04641588834	1	0.95	4.98	1	0.97	2025-05-29	Sau	protein_all_count	protein	drug	all_count	skyblue	21
levofloxacin	281	0.1	1	0.6	0.2	NA	1.00E-04	0	0.57	3.32	0.7	0.81	2025-05-29	Sau	protein_all_count	protein	drug	all_count	skyblue	21
cefoxitin	1034	0.78	1	0.6	0.2	NA	1.00E-04	0.2	1	0.36	1	1	2025-05-29	Sau	protein_all_count	protein	drug	all_count	skyblue	21
clindamycin	1086	0.38	1	0.6	0.2	NA	1.00E-04	1	0.95	1.37	0.97	0.96	2025-05-29	Sau	protein_all_count	protein	drug	all_count	skyblue	21
trimethoprim/sulfamethoxazole	719	0.25	1	0.6	0.2	NA	0.0215443469	1	0.89	1.93	0.92	0.92	2025-05-29	Sau	protein_all_count	protein	drug	all_count	skyblue	21
oxacillin	610	0.24	1	0.6	0.2	NA	1.00E-04	0.2	0.96	2.04	0.97	0.97	2025-05-29	Sau	protein_all_count	protein	drug	all_count	skyblue	21
kanamycin	58	0.31	1	0.6	0.2	NA	1.00E-04	0	0.86	1.69	0.88	0.91	2025-05-29	Sau	protein_all_count	protein	drug	all_count	skyblue	21
chloramphenicol	784	0.04	1	0.6	0.2	NA	1.00E-04	0.2	0.86	4.64	0.88	0.93	2025-05-29	Sau	protein_all_count	protein	drug	all_count	skyblue	21
tobramycin	62	0.29	1	0.6	0.2	NA	1.00E-04	0	1	1.79	1	1	2025-05-29	Sau	protein_all_count	protein	drug	all_count	skyblue	21
tigecycline	21	0.48	1	0.6	0.2	NA	1.00E-04	0	1	1.06	1	1	2025-05-29	Sau	protein_all_count	protein	drug	all_count	skyblue	21
amoxicillin/clavulanic acid	18	0.5	1	0.6	0.2	NA	1.00E-04	0.4	0.67	1	0.75	0.79	2025-05-29	Sau	protein_all_count	protein	drug	all_count	skyblue	21
florfenicol	17	0.53	1	0.6	0.2	NA	1.00E-04	0	1	0.92	1	1	2025-05-29	Sau	protein_all_count	protein	drug	all_count	skyblue	21
tiamulin	17	0.59	1	0.6	0.2	NA	1.00E-04	0	1	0.76	1	1	2025-05-29	Sau	protein_all_count	protein	drug	all_count	skyblue	21
trimethoprim	560	0.04	1	0.6	0.2	NA	1.00E-04	1	0	2.09	0.5	0.49	2025-05-29	Sau	protein_all_count	protein	drug	all_count	skyblue	21
trimethoprim/sulfamethoxazole	719	0.25	1	0.6	0.2	NA	0.0215443469	1	0.89	1.93	0.92	0.92	2025-05-29	Sau	protein_all_count	protein	drug	all_count	skyblue	21
amikacin	670	0.66	1	0.6	0.2	NA	0.0215443469	1	0.86	0.51	0.78	0.79	2025-05-20	Aba	domain_all_binary	domain	drug	all_binary	#66a61e	22
ampicillin/sulbactam	464	0.56	1	0.6	0.2	NA	0.04641588834	0.4	0.95	0.82	0.94	0.95	2025-05-20	Aba	domain_all_binary	domain	drug	all_binary	#66a61e	22
cefepime	201	0.94	1	0.6	0.2	NA	1.00E-04	0	0.99	0.09	NA	NA	2025-05-20	Aba	domain_all_binary	domain	drug	all_binary	#66a61e	22
cefotaxime	398	0.97	1	0.6	0.2	NA	1.00E-04	0	0.99	0.04	0.5	NA	2025-05-20	Aba	domain_all_binary	domain	drug	all_binary	#66a61e	22
ceftazidime	642	0.88	1	0.6	0.2	NA	1.00E-04	0.4	0.93	0.17	0.73	0.73	2025-05-20	Aba	domain_all_binary	domain	drug	all_binary	#66a61e	22
ceftriaxone	522	0.95	1	0.6	0.2	NA	1.00E-04	0	0.96	0.07	0.61	0.73	2025-05-20	Aba	domain_all_binary	domain	drug	all_binary	#66a61e	22
ciprofloxacin	737	0.93	1	0.6	0.2	NA	1.00E-04	1	0.98	0.1	0.68	0.79	2025-05-20	Aba	domain_all_binary	domain	drug	all_binary	#66a61e	22
doripenem	70	0.4	1	0.6	0.2	NA	1.00E-04	0.2	0.8	1.32	0.83	0.87	2025-05-20	Aba	domain_all_binary	domain	drug	all_binary	#66a61e	22
doxycycline	32	0.66	1	0.6	0.2	NA	1.00E-04	0	0.83	0.38	0.67	0.74	2025-05-20	Aba	domain_all_binary	domain	drug	all_binary	#66a61e	22
gentamicin	721	0.9	1	0.6	0.2	NA	0.00215443469	0.8	0.97	0.12	0.75	0.82	2025-05-20	Aba	domain_all_binary	domain	drug	all_binary	#66a61e	22
imipenem	666	0.55	1	0.6	0.2	NA	1.00E-04	0.2	0.9	0.8	0.89	0.89	2025-05-20	Aba	domain_all_binary	domain	drug	all_binary	#66a61e	22
levofloxacin	401	0.84	1	0.6	0.2	NA	1.00E-04	0.4	0.95	0.24	0.79	0.83	2025-05-20	Aba	domain_all_binary	domain	drug	all_binary	#66a61e	22
meropenem	318	0.76	1	0.6	0.2	NA	0.04641588834	0.2	0.93	0.31	0.79	0.84	2025-05-20	Aba	domain_all_binary	domain	drug	all_binary	#66a61e	22
minocycline	64	0.16	1	0.6	0.2	NA	1.00E-04	0	NA	0.25	0.5	NA	2025-05-20	Aba	domain_all_binary	domain	drug	all_binary	#66a61e	22
piperacillin/tazobactam	252	0.98	1	0.6	0.2	NA	1.00E-04	0	0.99	0.03	0.5	NA	2025-05-20	Aba	domain_all_binary	domain	drug	all_binary	#66a61e	22
tetracycline	472	0.8	1	0.6	0.2	NA	1.00E-04	0.2	0.97	0.31	0.91	0.93	2025-05-20	Aba	domain_all_binary	domain	drug	all_binary	#66a61e	22
tobramycin	537	0.72	1	0.6	0.2	NA	0.0215443469	0.2	0.91	0.42	0.79	0.82	2025-05-20	Aba	domain_all_binary	domain	drug	all_binary	#66a61e	22
trimethoprim/sulfamethoxazole	497	0.88	1	0.6	0.2	NA	0.01	0.2	0.96	0.14	0.68	0.75	2025-05-20	Aba	domain_all_binary	domain	drug	all_binary	#66a61e	22
aminoglycosides	750	0.93	1	0.6	0.2	NA	1.00E-04	0	0.97	0.09	0.59	0.71	2025-05-21	Aba	domain_all_binary_class	domain	drug_class	all_binary	#66a61e	22
carbapenems	717	0.58	1	0.6	0.2	NA	0.1	0.4	0.89	0.74	0.85	0.87	2025-05-21	Aba	domain_all_binary_class	domain	drug_class	all_binary	#66a61e	22
cephalosporins	668	0.98	1	0.6	0.2	NA	1.00E-04	0	0.99	0.03	0.5	NA	2025-05-21	Aba	domain_all_binary_class	domain	drug_class	all_binary	#66a61e	22
fluoroquinolones	739	0.93	1	0.6	0.2	NA	1.00E-04	0.2	0.97	0.09	0.68	0.76	2025-05-21	Aba	domain_all_binary_class	domain	drug_class	all_binary	#66a61e	22
penicillins/beta-lactamase-inhibitor	625	0.71	1	0.6	0.2	NA	0.004641588834	1	0.9	0.36	0.8	0.82	2025-05-21	Aba	domain_all_binary_class	domain	drug_class	all_binary	#66a61e	22
tetracyclines	521	0.75	1	0.6	0.2	NA	1.00E-04	0.6	0.93	0.28	0.84	0.86	2025-05-21	Aba	domain_all_binary_class	domain	drug_class	all_binary	#66a61e	22
trimethoprim/sulfonamides	497	0.88	1	0.6	0.2	NA	1.00E-04	0	0.93	0.14	0.59	0.67	2025-05-21	Aba	domain_all_binary_class	domain	drug_class	all_binary	#66a61e	22
amikacin	670	0.66	1	0.6	0.2	NA	1.00E-04	0.2	0.91	0.54	0.83	0.86	2025-05-20	Aba	gene_all_binary	gene	drug	all_binary	#e6ab02	22
ampicillin/sulbactam	464	0.56	1	0.6	0.2	NA	0.1	0.2	0.94	0.81	0.92	0.92	2025-05-20	Aba	gene_all_binary	gene	drug	all_binary	#e6ab02	22
cefepime	201	0.94	1	0.6	0.2	NA	0.004641588834	1	0.95	0.09	NA	NA	2025-05-20	Aba	gene_all_binary	gene	drug	all_binary	#e6ab02	22
cefotaxime	398	0.97	1	0.6	0.2	NA	1.00E-04	0	0.99	0.04	0.5	NA	2025-05-20	Aba	gene_all_binary	gene	drug	all_binary	#e6ab02	22
ceftazidime	642	0.88	1	0.6	0.2	NA	0.1	0.2	0.95	0.17	0.78	0.79	2025-05-20	Aba	gene_all_binary	gene	drug	all_binary	#e6ab02	22
ceftriaxone	522	0.95	1	0.6	0.2	NA	1.00E-04	0	0.96	0.06	0.61	0.73	2025-05-20	Aba	gene_all_binary	gene	drug	all_binary	#e6ab02	22
ciprofloxacin	737	0.93	1	0.6	0.2	NA	1.00E-04	0.4	0.98	0.1	0.68	0.79	2025-05-20	Aba	gene_all_binary	gene	drug	all_binary	#e6ab02	22
doripenem	70	0.4	1	0.6	0.2	NA	1.00E-04	0.2	0.8	1.28	0.83	0.87	2025-05-20	Aba	gene_all_binary	gene	drug	all_binary	#e6ab02	22
doxycycline	32	0.66	1	0.6	0.2	NA	1.00E-04	0.2	0.73	0.33	0.57	0.57	2025-05-20	Aba	gene_all_binary	gene	drug	all_binary	#e6ab02	22
gentamicin	721	0.9	1	0.6	0.2	NA	1.00E-04	0.2	0.97	0.14	0.74	0.8	2025-05-20	Aba	gene_all_binary	gene	drug	all_binary	#e6ab02	22
imipenem	666	0.55	1	0.6	0.2	NA	0.1	0.2	0.89	0.82	0.88	0.88	2025-05-20	Aba	gene_all_binary	gene	drug	all_binary	#e6ab02	22
levofloxacin	401	0.84	1	0.6	0.2	NA	1.00E-04	0.2	0.96	0.24	0.84	0.88	2025-05-20	Aba	gene_all_binary	gene	drug	all_binary	#e6ab02	22
meropenem	318	0.76	1	0.6	0.2	NA	0.04641588834	0.8	0.9	0.32	0.76	0.77	2025-05-20	Aba	gene_all_binary	gene	drug	all_binary	#e6ab02	22
minocycline	64	0.16	1	0.6	0.2	NA	1.00E-04	0	NA	0.25	0.5	NA	2025-05-20	Aba	gene_all_binary	gene	drug	all_binary	#e6ab02	22
piperacillin/tazobactam	252	0.98	1	0.6	0.2	NA	1.00E-04	0	0.99	0.03	0.5	NA	2025-05-20	Aba	gene_all_binary	gene	drug	all_binary	#e6ab02	22
tetracycline	472	0.8	1	0.6	0.2	NA	0.0215443469	0.4	0.97	0.31	0.91	0.92	2025-05-20	Aba	gene_all_binary	gene	drug	all_binary	#e6ab02	22
tobramycin	537	0.72	1	0.6	0.2	NA	1.00E-04	0	0.9	0.4	0.79	0.81	2025-05-20	Aba	gene_all_binary	gene	drug	all_binary	#e6ab02	22
trimethoprim/sulfamethoxazole	497	0.88	1	0.6	0.2	NA	0.04641588834	0.2	0.95	0.17	0.63	0.68	2025-05-20	Aba	gene_all_binary	gene	drug	all_binary	#e6ab02	22
aminoglycosides	750	0.93	1	0.6	0.2	NA	0.1	0.4	0.97	0.09	0.59	0.66	2025-05-21	Aba	gene_all_binary_class	gene	drug_class	all_binary	#e6ab02	22
carbapenems	717	0.58	1	0.6	0.2	NA	1.00E-04	0	0.95	0.77	0.94	0.94	2025-05-21	Aba	gene_all_binary_class	gene	drug_class	all_binary	#e6ab02	22
cephalosporins	668	0.98	1	0.6	0.2	NA	1.00E-04	0	0.98	0.03	0.5	0.49	2025-05-21	Aba	gene_all_binary_class	gene	drug_class	all_binary	#e6ab02	22
fluoroquinolones	739	0.93	1	0.6	0.2	NA	1.00E-04	0.2	0.97	0.1	0.68	0.76	2025-05-21	Aba	gene_all_binary_class	gene	drug_class	all_binary	#e6ab02	22
penicillins/beta-lactamase-inhibitor	625	0.71	1	0.6	0.2	NA	1.00E-04	0.2	0.91	0.46	0.84	0.84	2025-05-21	Aba	gene_all_binary_class	gene	drug_class	all_binary	#e6ab02	22
tetracyclines	521	0.75	1	0.6	0.2	NA	1.00E-04	0.6	0.95	0.34	0.86	0.9	2025-05-21	Aba	gene_all_binary_class	gene	drug_class	all_binary	#e6ab02	22
trimethoprim/sulfonamides	497	0.88	1	0.6	0.2	NA	0.04641588834	0.2	0.92	0.13	0.58	0.62	2025-05-21	Aba	gene_all_binary_class	gene	drug_class	all_binary	#e6ab02	22
chloramphenicol	37	0.81	1	0.6	0.2	NA	1.00E-04	0	1	0.3	NA	NA	2025-05-19	Efa	domain_all_binary	domain	drug	all_binary	#66a61e	22
dalbavancin	44	0.77	1	0.6	0.2	NA	0.0215443469	0.6	0.93	0.38	0.75	0.83	2025-05-19	Efa	domain_all_binary	domain	drug	all_binary	#66a61e	22
daptomycin	251	0.19	1	0.6	0.2	NA	1.00E-04	0.4	0.53	2.13	0.68	0.77	2025-05-19	Efa	domain_all_binary	domain	drug	all_binary	#66a61e	22
gentamicin	210	0.33	1	0.6	0.2	NA	0.1	0.2	0.92	1.58	0.93	0.95	2025-05-19	Efa	domain_all_binary	domain	drug	all_binary	#66a61e	22
linezolid	230	0.27	1	0.6	0.2	NA	1.00E-04	0.2	0.93	1.89	0.97	0.95	2025-05-19	Efa	domain_all_binary	domain	drug	all_binary	#66a61e	22
nitrofurantoin	40	0.85	1	0.6	0.2	NA	1.00E-04	0.2	0.94	0.23	0.5	NA	2025-05-19	Efa	domain_all_binary	domain	drug	all_binary	#66a61e	22
streptomycin	169	0.49	1	0.6	0.2	NA	1.00E-04	0	0.97	1.03	0.97	0.97	2025-05-19	Efa	domain_all_binary	domain	drug	all_binary	#66a61e	22
synercid	40	0.2	1	0.6	0.2	NA	1.00E-04	0	NA	1.83	0.5	NA	2025-05-19	Efa	domain_all_binary	domain	drug	all_binary	#66a61e	22
tedizolid	44	0.73	1	0.6	0.2	NA	0.0215443469	0.4	0.83	0.38	0.86	0.83	2025-05-19	Efa	domain_all_binary	domain	drug	all_binary	#66a61e	22
teicoplanin	153	0.82	1	0.6	0.2	NA	1.00E-04	0.6	1	0.29	1	1	2025-05-19	Efa	domain_all_binary	domain	drug	all_binary	#66a61e	22
tetracycline	12	0.5	1	0.6	0.2	NA	1.00E-04	0	0.67	1	0.5	NA	2025-05-19	Efa	domain_all_binary	domain	drug	all_binary	#66a61e	22
vancomycin	896	0.61	1	0.6	0.2	NA	1.00E-04	0.4	1	0.71	0.99	0.99	2025-05-19	Efa	domain_all_binary	domain	drug	all_binary	#66a61e	22
aminoglycosides	210	0.71	1	0.6	0.2	NA	1.00E-04	0	0.97	0.49	0.92	0.94	2025-05-19	Efa	domain_all_binary_class	domain	drug_class	all_binary	#66a61e	22
amphenicols	37	0.81	1	0.6	0.2	NA	1.00E-04	0	1	0.3	NA	NA	2025-05-19	Efa	domain_all_binary_class	domain	drug_class	all_binary	#66a61e	22
glycopeptides	896	0.61	1	0.6	0.2	NA	1.00E-04	0.2	0.99	0.7	0.99	0.99	2025-05-19	Efa	domain_all_binary_class	domain	drug_class	all_binary	#66a61e	22
lipopeptides	251	0.19	1	0.6	0.2	NA	1.00E-04	0.4	0.53	2.13	0.68	0.77	2025-05-19	Efa	domain_all_binary_class	domain	drug_class	all_binary	#66a61e	22
macrolides	41	0.22	1	0.6	0.2	NA	1.00E-04	0.2	0	0.18	0.44	0.44	2025-05-19	Efa	domain_all_binary_class	domain	drug_class	all_binary	#66a61e	22
nitrofuran-derivatives	40	0.85	1	0.6	0.2	NA	1.00E-04	0.2	0.94	0.23	0.5	NA	2025-05-19	Efa	domain_all_binary_class	domain	drug_class	all_binary	#66a61e	22
oxazolidinones	230	0.27	1	0.6	0.2	NA	0.04641588834	1	0.7	1.77	0.78	0.8	2025-05-19	Efa	domain_all_binary_class	domain	drug_class	all_binary	#66a61e	22
tetracyclines	204	0.21	1	0.6	0.2	NA	1.00E-04	0.2	0.89	2.25	0.97	0.93	2025-05-19	Efa	domain_all_binary_class	domain	drug_class	all_binary	#66a61e	22
chloramphenicol	37	0.81	1	0.6	0.2	NA	1.00E-04	0	1	0.3	NA	NA	2025-05-19	Efa	gene_all_binary	gene	drug	all_binary	#e6ab02	22
dalbavancin	44	0.77	1	0.6	0.2	NA	1.00E-04	0.2	0.92	0.35	0.93	0.88	2025-05-19	Efa	gene_all_binary	gene	drug	all_binary	#e6ab02	22
daptomycin	251	0.19	1	0.6	0.2	NA	0.01	0.8	0.73	2.18	0.79	0.85	2025-05-19	Efa	gene_all_binary	gene	drug	all_binary	#e6ab02	22
gentamicin	210	0.33	1	0.6	0.2	NA	1.00E-04	0	0.93	1.49	0.95	0.95	2025-05-19	Efa	gene_all_binary	gene	drug	all_binary	#e6ab02	22
linezolid	230	0.27	1	0.6	0.2	NA	1.00E-04	0.2	0.9	1.89	0.96	0.93	2025-05-19	Efa	gene_all_binary	gene	drug	all_binary	#e6ab02	22
nitrofurantoin	40	0.85	1	0.6	0.2	NA	1.00E-04	0	0.94	0.23	0.5	NA	2025-05-19	Efa	gene_all_binary	gene	drug	all_binary	#e6ab02	22
streptomycin	169	0.49	1	0.6	0.2	NA	1.00E-04	0	1	1.03	1	1	2025-05-19	Efa	gene_all_binary	gene	drug	all_binary	#e6ab02	22
synercid	40	0.2	1	0.6	0.2	NA	1.00E-04	0.4	NA	1.66	0.5	NA	2025-05-19	Efa	gene_all_binary	gene	drug	all_binary	#e6ab02	22
tedizolid	44	0.73	1	0.6	0.2	NA	1.00E-04	0	0.92	0.45	0.93	0.9	2025-05-19	Efa	gene_all_binary	gene	drug	all_binary	#e6ab02	22
teicoplanin	153	0.82	1	0.6	0.2	NA	1.00E-04	0.2	1	0.29	1	1	2025-05-19	Efa	gene_all_binary	gene	drug	all_binary	#e6ab02	22
tetracycline	12	0.5	1	0.6	0.2	NA	1.00E-04	0	0.67	1	0.5	NA	2025-05-19	Efa	gene_all_binary	gene	drug	all_binary	#e6ab02	22
vancomycin	896	0.61	1	0.6	0.2	NA	0.0215443469	0.4	1	0.71	1	1	2025-05-19	Efa	gene_all_binary	gene	drug	all_binary	#e6ab02	22
aminoglycosides	210	0.71	1	0.6	0.2	NA	1.00E-04	0	0.98	0.49	0.96	0.97	2025-05-19	Efa	gene_all_binary_class	gene	drug_class	all_binary	#e6ab02	22
amphenicols	37	0.81	1	0.6	0.2	NA	1.00E-04	0	1	0.3	NA	NA	2025-05-19	Efa	gene_all_binary_class	gene	drug_class	all_binary	#e6ab02	22
glycopeptides	896	0.61	1	0.6	0.2	NA	1.00E-04	1	0.99	0.7	0.99	0.99	2025-05-19	Efa	gene_all_binary_class	gene	drug_class	all_binary	#e6ab02	22
lipopeptides	251	0.19	1	0.6	0.2	NA	0.01	0.8	0.73	2.18	0.79	0.85	2025-05-19	Efa	gene_all_binary_class	gene	drug_class	all_binary	#e6ab02	22
macrolides	41	0.22	1	0.6	0.2	NA	1.00E-04	0	NA	0.18	0.5	NA	2025-05-19	Efa	gene_all_binary_class	gene	drug_class	all_binary	#e6ab02	22
nitrofuran-derivatives	40	0.85	1	0.6	0.2	NA	1.00E-04	0	0.94	0.23	0.5	NA	2025-05-19	Efa	gene_all_binary_class	gene	drug_class	all_binary	#e6ab02	22
oxazolidinones	230	0.27	1	0.6	0.2	NA	1.00E-04	0	0.96	1.89	0.99	0.97	2025-05-19	Efa	gene_all_binary_class	gene	drug_class	all_binary	#e6ab02	22
tetracyclines	204	0.21	1	0.6	0.2	NA	1.00E-04	0	0.84	2.25	0.96	0.91	2025-05-19	Efa	gene_all_binary_class	gene	drug_class	all_binary	#e6ab02	22
amikacin	184	0.09	1	0.6	0.2	NA	1.00E-04	0	0.5	2.64	0.67	0.78	2025-05-19	Esp.	domain_all_binary	domain	drug	all_binary	#66a61e	22
aminogycosides	112	0.24	1	0.6	0.2	NA	1.00E-04	0	0.6	1.66	0.72	0.76	2025-05-19	Esp.	domain_all_binary	domain	drug	all_binary	#66a61e	22
beta-lactam	114	0.72	1	0.6	0.2	NA	1.00E-04	0	0.85	0.42	0.57	0.66	2025-05-19	Esp.	domain_all_binary	domain	drug	all_binary	#66a61e	22
carbapenem	65	0.49	1	0.6	0.2	NA	1.00E-04	0.2	1	1.03	1	1	2025-05-19	Esp.	domain_all_binary	domain	drug	all_binary	#66a61e	22
cefepime	103	0.67	1	0.6	0.2	NA	1.00E-04	0.4	0.9	0.53	0.82	0.84	2025-05-19	Esp.	domain_all_binary	domain	drug	all_binary	#66a61e	22
chloramphenicol	15	0.47	1	0.6	0.2	NA	0.0215443469	0.4	1	1.09	1	1	2025-05-19	Esp.	domain_all_binary	domain	drug	all_binary	#66a61e	22
ciprofloxacin	115	0.62	1	0.6	0.2	NA	0.1	0.2	0.84	0.55	0.77	0.77	2025-05-19	Esp.	domain_all_binary	domain	drug	all_binary	#66a61e	22
doripenem	43	0.49	1	0.6	0.2	NA	1.00E-04	0	0.75	0.97	0.8	0.83	2025-05-19	Esp.	domain_all_binary	domain	drug	all_binary	#66a61e	22
ertapenem	223	0.89	1	0.6	0.2	NA	1.00E-04	0	0.98	0.03	0.5	NA	2025-05-19	Esp.	domain_all_binary	domain	drug	all_binary	#66a61e	22
fluoroquinolones	112	0.28	1	0.6	0.2	NA	1.00E-04	0.2	0.2	-0.11	0.51	0.52	2025-05-19	Esp.	domain_all_binary	domain	drug	all_binary	#66a61e	22
gentamicin	164	0.48	1	0.6	0.2	NA	1.00E-04	0.2	0.9	1.01	0.91	0.92	2025-05-19	Esp.	domain_all_binary	domain	drug	all_binary	#66a61e	22
imipenem	90	0.66	1	0.6	0.2	NA	1.00E-04	0.2	0.86	0.58	0.71	0.78	2025-05-19	Esp.	domain_all_binary	domain	drug	all_binary	#66a61e	22
levofloxacin	99	0.57	1	0.6	0.2	NA	1.00E-04	0	0.91	0.74	0.92	0.91	2025-05-19	Esp.	domain_all_binary	domain	drug	all_binary	#66a61e	22
meropenem	154	0.31	1	0.6	0.2	NA	1.00E-04	0	0.37	1.07	0.58	0.6	2025-05-19	Esp.	domain_all_binary	domain	drug	all_binary	#66a61e	22
piperacillin/tazobactam	190	0.93	1	0.6	0.2	NA	1.00E-04	0	0.97	0.08	0.5	NA	2025-05-19	Esp.	domain_all_binary	domain	drug	all_binary	#66a61e	22
tetracycline	65	0.37	1	0.6	0.2	NA	1.00E-04	0.8	0.57	0.43	0.62	0.62	2025-05-19	Esp.	domain_all_binary	domain	drug	all_binary	#66a61e	22
tigecycline	128	0.27	1	0.6	0.2	NA	1.00E-04	0.6	0.5	0.67	0.65	0.64	2025-05-19	Esp.	domain_all_binary	domain	drug	all_binary	#66a61e	22
tobramycin	158	0.66	1	0.6	0.2	NA	1.00E-04	0.2	0.86	0.49	0.88	0.86	2025-05-19	Esp.	domain_all_binary	domain	drug	all_binary	#66a61e	22
trimethoprim/sulfamethoxazole	89	0.53	1	0.6	0.2	NA	0.1	0.2	0.95	0.92	0.94	0.95	2025-05-19	Esp.	domain_all_binary	domain	drug	all_binary	#66a61e	22
trimotheprim	112	0.29	1	0.6	0.2	NA	1.00E-04	0.2	0.6	1.37	0.71	0.79	2025-05-19	Esp.	domain_all_binary	domain	drug	all_binary	#66a61e	22
aminoglycosides	211	0.62	1	0.6	0.2	NA	1.00E-04	0	0.83	0.6	0.73	0.75	2025-05-20	Esp.	domain_all_binary_class	domain	drug_class	all_binary	#66a61e	22
amphenicols	15	0.47	1	0.6	0.2	NA	1.00E-04	0	0.8	0.75	0.75	0.79	2025-05-20	Esp.	domain_all_binary_class	domain	drug_class	all_binary	#66a61e	22
carbapenems	257	0.83	1	0.6	0.2	NA	0.1	1	0.87	0.07	0.5	NA	2025-05-20	Esp.	domain_all_binary_class	domain	drug_class	all_binary	#66a61e	22
fluoroquinolones	117	0.62	1	0.6	0.2	NA	0.004641588834	1	0.93	0.68	0.91	0.91	2025-05-20	Esp.	domain_all_binary_class	domain	drug_class	all_binary	#66a61e	22
tetracyclines	163	0.35	1	0.6	0.2	NA	0.01	0.4	0.14	0.26	0.52	0.54	2025-05-20	Esp.	domain_all_binary_class	domain	drug_class	all_binary	#66a61e	22
trimethoprim/sulfonamides	89	0.53	1	0.6	0.2	NA	1.00E-04	0	0.76	0.72	0.73	0.74	2025-05-20	Esp.	domain_all_binary_class	domain	drug_class	all_binary	#66a61e	22
amikacin	184	0.09	1	0.6	0.2	NA	1.00E-04	1	0.44	1.47	0.77	0.7	2025-05-19	Esp.	gene_all_binary	gene	drug	all_binary	#e6ab02	22
aminogycosides	112	0.24	1	0.6	0.2	NA	1.00E-04	1	0.44	1.12	0.64	0.68	2025-05-19	Esp.	gene_all_binary	gene	drug	all_binary	#e6ab02	22
beta-lactam	114	0.72	1	0.6	0.2	NA	1.00E-04	0	0.87	0.37	0.64	0.73	2025-05-19	Esp.	gene_all_binary	gene	drug	all_binary	#e6ab02	22
carbapenem	65	0.49	1	0.6	0.2	NA	1.00E-04	0	0.88	0.99	0.86	0.87	2025-05-19	Esp.	gene_all_binary	gene	drug	all_binary	#e6ab02	22
cefepime	103	0.67	1	0.6	0.2	NA	0.04641588834	0.4	0.9	0.53	0.82	0.84	2025-05-19	Esp.	gene_all_binary	gene	drug	all_binary	#e6ab02	22
chloramphenicol	15	0.47	1	0.6	0.2	NA	1.00E-04	0	1	1.09	1	1	2025-05-19	Esp.	gene_all_binary	gene	drug	all_binary	#e6ab02	22
ciprofloxacin	115	0.62	1	0.6	0.2	NA	1.00E-04	0	0.9	0.63	0.88	0.87	2025-05-19	Esp.	gene_all_binary	gene	drug	all_binary	#e6ab02	22
doripenem	43	0.49	1	0.6	0.2	NA	0.04641588834	0.6	0.89	0.97	0.9	0.91	2025-05-19	Esp.	gene_all_binary	gene	drug	all_binary	#e6ab02	22
ertapenem	223	0.89	1	0.6	0.2	NA	1.00E-04	0.2	0.95	0.08	0.48	0.48	2025-05-19	Esp.	gene_all_binary	gene	drug	all_binary	#e6ab02	22
fluoroquinolones	112	0.28	1	0.6	0.2	NA	1.00E-04	1	0.2	0.36	0.51	0.52	2025-05-19	Esp.	gene_all_binary	gene	drug	all_binary	#e6ab02	22
gentamicin	164	0.48	1	0.6	0.2	NA	0.04641588834	1	0.9	1	0.91	0.92	2025-05-19	Esp.	gene_all_binary	gene	drug	all_binary	#e6ab02	22
imipenem	90	0.66	1	0.6	0.2	NA	1.00E-04	0.2	0.83	0.49	0.64	0.72	2025-05-19	Esp.	gene_all_binary	gene	drug	all_binary	#e6ab02	22
levofloxacin	99	0.57	1	0.6	0.2	NA	1.00E-04	0.2	0.83	0.74	0.81	0.81	2025-05-19	Esp.	gene_all_binary	gene	drug	all_binary	#e6ab02	22
meropenem	154	0.31	1	0.6	0.2	NA	0.1	0.6	0.46	1.09	0.65	0.74	2025-05-19	Esp.	gene_all_binary	gene	drug	all_binary	#e6ab02	22
piperacillin/tazobactam	190	0.93	1	0.6	0.2	NA	1.00E-04	0	0.97	0.09	0.5	NA	2025-05-19	Esp.	gene_all_binary	gene	drug	all_binary	#e6ab02	22
tetracycline	65	0.37	1	0.6	0.2	NA	0.04641588834	0.2	0.89	1.3	0.9	0.92	2025-05-19	Esp.	gene_all_binary	gene	drug	all_binary	#e6ab02	22
tigecycline	128	0.27	1	0.6	0.2	NA	0.0215443469	0.2	0.53	1.15	0.68	0.67	2025-05-19	Esp.	gene_all_binary	gene	drug	all_binary	#e6ab02	22
tobramycin	158	0.66	1	0.6	0.2	NA	1.00E-04	0	0.78	0.51	0.79	0.77	2025-05-19	Esp.	gene_all_binary	gene	drug	all_binary	#e6ab02	22
trimethoprim/sulfamethoxazole	89	0.53	1	0.6	0.2	NA	1.00E-04	0.2	1	0.92	1	1	2025-05-19	Esp.	gene_all_binary	gene	drug	all_binary	#e6ab02	22
trimotheprim	112	0.29	1	0.6	0.2	NA	1.00E-04	0.2	0.6	1.35	0.71	0.79	2025-05-19	Esp.	gene_all_binary	gene	drug	all_binary	#e6ab02	22
aminoglycosides	211	0.62	1	0.6	0.2	NA	1.00E-04	0	0.91	0.65	0.85	0.88	2025-05-20	Esp.	gene_all_binary_class	gene	drug_class	all_binary	#e6ab02	22
amphenicols	15	0.47	1	0.6	0.2	NA	1.00E-04	0	0.8	0.75	0.75	0.79	2025-05-20	Esp.	gene_all_binary_class	gene	drug_class	all_binary	#e6ab02	22
carbapenems	257	0.83	1	0.6	0.2	NA	0.1	0.6	0.88	0.1	0.54	0.63	2025-05-20	Esp.	gene_all_binary_class	gene	drug_class	all_binary	#e6ab02	22
fluoroquinolones	117	0.62	1	0.6	0.2	NA	0.1	0.8	0.91	0.63	0.83	0.87	2025-05-20	Esp.	gene_all_binary_class	gene	drug_class	all_binary	#e6ab02	22
tetracyclines	163	0.35	1	0.6	0.2	NA	0.1	0.4	0.24	-0.13	0.52	0.52	2025-05-20	Esp.	gene_all_binary_class	gene	drug_class	all_binary	#e6ab02	22
trimethoprim/sulfonamides	89	0.53	1	0.6	0.2	NA	0.1	1	0.84	0.86	0.84	0.84	2025-05-20	Esp.	gene_all_binary_class	gene	drug_class	all_binary	#e6ab02	22
amikacin	2664	0.16	1	0.6	0.2	NA	0.00215443469	1	0.79	2.41	0.86	0.88	2025-05-24	Kpn	domain_all_binary	domain	drug	all_binary	#66a61e	22
aminogycosides	127	0.61	1	0.6	0.2	NA	1.00E-04	0	0.91	0.68	0.85	0.88	2025-05-24	Kpn	domain_all_binary	domain	drug	all_binary	#66a61e	22
amoxicillin/clavulanic acid	864	0.79	1	0.6	0.2	NA	0.01	0.6	0.94	0.33	0.86	0.86	2025-05-24	Kpn	domain_all_binary	domain	drug	all_binary	#66a61e	22
ampicillin/sulbactam	1897	0.87	1	0.6	0.2	NA	1.00E-04	0.8	0.94	0.19	0.74	0.78	2025-05-24	Kpn	domain_all_binary	domain	drug	all_binary	#66a61e	22
aztreonam	2289	0.82	1	0.6	0.2	NA	0.004641588834	0.6	0.9	0.21	0.71	0.73	2025-05-24	Kpn	domain_all_binary	domain	drug	all_binary	#66a61e	22
beta-lactam	127	0.66	1	0.6	0.2	NA	1.00E-04	0	0.85	0.56	0.8	0.79	2025-05-24	Kpn	domain_all_binary	domain	drug	all_binary	#66a61e	22
carbenicillin	89	0.94	1	0.6	0.2	NA	1.00E-04	0	0.94	0.06	0.5	NA	2025-05-24	Kpn	domain_all_binary	domain	drug	all_binary	#66a61e	22
cefazolin	2370	0.82	1	0.6	0.2	NA	0.00215443469	1	0.95	0.27	0.83	0.85	2025-05-24	Kpn	domain_all_binary	domain	drug	all_binary	#66a61e	22
cefepime	2264	0.63	1	0.6	0.2	NA	1.00E-04	0	0.85	0.55	0.75	0.78	2025-05-24	Kpn	domain_all_binary	domain	drug	all_binary	#66a61e	22
cefotaxime	1422	0.71	1	0.6	0.2	NA	0.0215443469	0.4	0.91	0.46	0.84	0.84	2025-05-24	Kpn	domain_all_binary	domain	drug	all_binary	#66a61e	22
cefotetan	144	0.27	1	0.6	0.2	NA	1.00E-04	0.2	0.74	1.58	0.84	0.82	2025-05-24	Kpn	domain_all_binary	domain	drug	all_binary	#66a61e	22
cefoxitin	2253	0.54	1	0.6	0.2	NA	1.00E-04	0.2	0.83	0.7	0.82	0.82	2025-05-24	Kpn	domain_all_binary	domain	drug	all_binary	#66a61e	22
cefpodoxime	294	0.74	1	0.6	0.2	NA	0.01	1	0.79	0.22	0.66	0.65	2025-05-24	Kpn	domain_all_binary	domain	drug	all_binary	#66a61e	22
cefpodoxime_clavulanic_acid	188	0.87	1	0.6	0.2	NA	0.1	0.2	0.91	0.17	0.57	0.61	2025-05-24	Kpn	domain_all_binary	domain	drug	all_binary	#66a61e	22
ceftazidime	3281	0.72	1	0.6	0.2	NA	0.01	0.8	0.94	0.44	0.88	0.89	2025-05-24	Kpn	domain_all_binary	domain	drug	all_binary	#66a61e	22
ceftazidime/avibactam	327	0.25	1	0.6	0.2	NA	1.00E-04	0	0.83	1.83	0.85	0.9	2025-05-24	Kpn	domain_all_binary	domain	drug	all_binary	#66a61e	22
ceftolozane/tazobactam	147	0.62	1	0.6	0.2	NA	1.00E-04	0	0.85	0.6	0.78	0.79	2025-05-24	Kpn	domain_all_binary	domain	drug	all_binary	#66a61e	22
ceftriaxone	2340	0.82	1	0.6	0.2	NA	0.004641588834	0.4	0.95	0.27	0.84	0.87	2025-05-24	Kpn	domain_all_binary	domain	drug	all_binary	#66a61e	22
ceftriaxone/cefpodoxime	53	0.51	1	0.6	0.2	NA	0.1	1	0.62	0.74	0.58	0.58	2025-05-24	Kpn	domain_all_binary	domain	drug	all_binary	#66a61e	22
cefuroxime	1668	0.93	1	0.6	0.2	NA	1.00E-04	0.4	0.97	0.1	0.68	0.72	2025-05-24	Kpn	domain_all_binary	domain	drug	all_binary	#66a61e	22
cephalothin	168	0.79	1	0.6	0.2	NA	1.00E-04	0.4	0.89	0.22	0.67	0.72	2025-05-24	Kpn	domain_all_binary	domain	drug	all_binary	#66a61e	22
chloramphenicol	329	0.69	1	0.6	0.2	NA	1.00E-04	0	0.87	0.42	0.72	0.76	2025-05-24	Kpn	domain_all_binary	domain	drug	all_binary	#66a61e	22
ciprofloxacin	3558	0.68	1	0.6	0.2	NA	0.0215443469	0.2	0.93	0.54	0.91	0.9	2025-05-24	Kpn	domain_all_binary	domain	drug	all_binary	#66a61e	22
colistin	1266	0.23	1	0.6	0.2	NA	1.00E-04	0.8	0.61	1.48	0.76	0.75	2025-05-24	Kpn	domain_all_binary	domain	drug	all_binary	#66a61e	22
doripenem	233	0.89	1	0.6	0.2	NA	0.1	0.8	0.92	0.08	0.5	NA	2025-05-24	Kpn	domain_all_binary	domain	drug	all_binary	#66a61e	22
doxycycline	141	0.32	1	0.6	0.2	NA	0.04641588834	0.8	0.67	1.32	0.75	0.79	2025-05-24	Kpn	domain_all_binary	domain	drug	all_binary	#66a61e	22
ertapenem	1382	0.65	1	0.6	0.2	NA	0.01	0.8	0.93	0.59	0.9	0.9	2025-05-24	Kpn	domain_all_binary	domain	drug	all_binary	#66a61e	22
extended spectrum beta lactamase	403	0.42	1	0.6	0.2	NA	0.04641588834	0.4	0.88	1.15	0.9	0.9	2025-05-24	Kpn	domain_all_binary	domain	drug	all_binary	#66a61e	22
fluoroquinolones	127	0.57	1	0.6	0.2	NA	0.1	0.8	0.74	0.52	0.62	0.64	2025-05-24	Kpn	domain_all_binary	domain	drug	all_binary	#66a61e	22
fosfomycin	270	0.26	1	0.6	0.2	NA	0.01	1	0.56	1.28	0.7	0.73	2025-05-24	Kpn	domain_all_binary	domain	drug	all_binary	#66a61e	22
gentamicin	3662	0.38	1	0.6	0.2	NA	1.00E-04	0.4	0.79	1.11	0.83	0.83	2025-05-24	Kpn	domain_all_binary	domain	drug	all_binary	#66a61e	22
imipenem	2199	0.46	1	0.6	0.2	NA	1.00E-04	0.6	0.87	1.02	0.88	0.88	2025-05-24	Kpn	domain_all_binary	domain	drug	all_binary	#66a61e	22
kanamycin	82	0.93	1	0.6	0.2	NA	1.00E-04	0	1	0.1	NA	NA	2025-05-24	Kpn	domain_all_binary	domain	drug	all_binary	#66a61e	22
levofloxacin	2009	0.79	1	0.6	0.2	NA	0.0215443469	0.4	0.95	0.33	0.88	0.89	2025-05-24	Kpn	domain_all_binary	domain	drug	all_binary	#66a61e	22
meropenem	3520	0.33	1	0.6	0.2	NA	1.00E-04	1	0.84	1.48	0.87	0.88	2025-05-24	Kpn	domain_all_binary	domain	drug	all_binary	#66a61e	22
minocycline	87	0.22	1	0.6	0.2	NA	1.00E-04	0	0.67	1.4	0.76	0.78	2025-05-24	Kpn	domain_all_binary	domain	drug	all_binary	#66a61e	22
moxifloxacin	92	0.42	1	0.6	0.2	NA	0.0215443469	0.2	0.57	0.54	0.66	0.67	2025-05-24	Kpn	domain_all_binary	domain	drug	all_binary	#66a61e	22
nalidixic acid	157	0.64	1	0.6	0.2	NA	1.00E-04	1	0.83	0.54	0.68	0.73	2025-05-24	Kpn	domain_all_binary	domain	drug	all_binary	#66a61e	22
nitrofurantoin	1123	0.82	1	0.6	0.2	NA	0.04641588834	0.2	0.89	0.23	0.67	0.7	2025-05-24	Kpn	domain_all_binary	domain	drug	all_binary	#66a61e	22
norfloxacin	186	0.15	1	0.6	0.2	NA	1.00E-04	0.2	0.89	2.6	0.9	0.94	2025-05-24	Kpn	domain_all_binary	domain	drug	all_binary	#66a61e	22
piperacillin/tazobactam	2505	0.68	1	0.6	0.2	NA	0.01	0.4	0.88	0.47	0.82	0.82	2025-05-24	Kpn	domain_all_binary	domain	drug	all_binary	#66a61e	22
polymyxin B	233	0.21	1	0.6	0.2	NA	1.00E-04	0	0.76	2.1	0.82	0.85	2025-05-24	Kpn	domain_all_binary	domain	drug	all_binary	#66a61e	22
streptomycin	74	0.69	1	0.6	0.2	NA	1.00E-04	1	1	0.54	1	1	2025-05-24	Kpn	domain_all_binary	domain	drug	all_binary	#66a61e	22
tetracycline	1705	0.53	1	0.6	0.2	NA	0.004641588834	1	0.78	0.63	0.76	0.76	2025-05-24	Kpn	domain_all_binary	domain	drug	all_binary	#66a61e	22
ticarcillin/clavulanic acid	239	0.42	1	0.6	0.2	NA	1.00E-04	0.2	0.93	1.22	0.94	0.94	2025-05-24	Kpn	domain_all_binary	domain	drug	all_binary	#66a61e	22
tigecycline	1114	0.23	1	0.6	0.2	NA	0.004641588834	0.6	0.59	1.31	0.73	0.73	2025-05-24	Kpn	domain_all_binary	domain	drug	all_binary	#66a61e	22
tobramycin	2179	0.58	1	0.6	0.2	NA	1.00E-04	0.2	0.85	0.62	0.82	0.82	2025-05-24	Kpn	domain_all_binary	domain	drug	all_binary	#66a61e	22
trimethoprim	251	0.44	1	0.6	0.2	NA	0.1	0.6	0.86	1.1	0.88	0.88	2025-05-24	Kpn	domain_all_binary	domain	drug	all_binary	#66a61e	22
trimethoprim/sulfamethoxazole	3317	0.67	1	0.6	0.2	NA	0.0215443469	0.2	0.88	0.47	0.8	0.81	2025-05-24	Kpn	domain_all_binary	domain	drug	all_binary	#66a61e	22
trimethoprim/sulfobactam	225	0.33	1	0.6	0.2	NA	0.004641588834	1	0.81	1.35	0.85	0.87	2025-05-24	Kpn	domain_all_binary	domain	drug	all_binary	#66a61e	22
trimotheprim	127	0.72	1	0.6	0.2	NA	0.1	0.4	0.81	-0.02	0.52	0.53	2025-05-24	Kpn	domain_all_binary	domain	drug	all_binary	#66a61e	22
aminoglycosides	3860	0.56	1	0.6	0.2	NA	1.00E-04	1	0.85	0.7	0.83	0.83	2025-05-23	Kpn	domain_all_binary_class	domain	drug_class	all_binary	#66a61e	22
amphenicols	342	0.7	1	0.6	0.2	NA	0.04641588834	1	0.88	0.46	0.75	0.78	2025-05-23	Kpn	domain_all_binary_class	domain	drug_class	all_binary	#66a61e	22
carbapenems	3816	0.39	1	0.6	0.2	NA	0.0215443469	0.2	0.85	1.25	0.87	0.88	2025-05-23	Kpn	domain_all_binary_class	domain	drug_class	all_binary	#66a61e	22
cephalosporins	2914	0.83	1	0.6	0.2	NA	1.00E-04	0.2	0.94	0.25	0.83	0.83	2025-05-23	Kpn	domain_all_binary_class	domain	drug_class	all_binary	#66a61e	22
fluoroquinolones	3608	0.67	1	0.6	0.2	NA	1.00E-04	0.8	0.93	0.55	0.88	0.88	2025-05-23	Kpn	domain_all_binary_class	domain	drug_class	all_binary	#66a61e	22
monobactams	2289	0.83	1	0.6	0.2	NA	0.0215443469	0.6	0.94	0.22	0.72	0.8	2025-05-23	Kpn	domain_all_binary_class	domain	drug_class	all_binary	#66a61e	22
nitrofuran-derivatives	1123	0.82	1	0.6	0.2	NA	1.00E-04	0.2	0.93	0.26	0.71	0.73	2025-05-23	Kpn	domain_all_binary_class	domain	drug_class	all_binary	#66a61e	22
penicillins/beta-lactamase-inhibitor	2863	0.82	1	0.6	0.2	NA	0.01	0.4	0.95	0.26	0.84	0.85	2025-05-23	Kpn	domain_all_binary_class	domain	drug_class	all_binary	#66a61e	22
phosphonic acid antibacterial	270	0.26	1	0.6	0.2	NA	0.01	1	0.56	1.28	0.7	0.73	2025-05-23	Kpn	domain_all_binary_class	domain	drug_class	all_binary	#66a61e	22
polymyxin	1422	0.23	1	0.6	0.2	NA	1.00E-04	0.2	0.66	1.65	0.77	0.78	2025-05-23	Kpn	domain_all_binary_class	domain	drug_class	all_binary	#66a61e	22
quinolones	157	0.64	1	0.6	0.2	NA	1.00E-04	1	0.83	0.54	0.68	0.73	2025-05-23	Kpn	domain_all_binary_class	domain	drug_class	all_binary	#66a61e	22
tetracyclines	2665	0.44	1	0.6	0.2	NA	0.1	0.2	0.63	0.75	0.69	0.7	2025-05-23	Kpn	domain_all_binary_class	domain	drug_class	all_binary	#66a61e	22
trimethoprim-derivatives	251	0.44	1	0.6	0.2	NA	0.1	0.6	0.86	1.1	0.88	0.88	2025-05-23	Kpn	domain_all_binary_class	domain	drug_class	all_binary	#66a61e	22
trimethoprim/sulfonamides	3317	0.67	1	0.6	0.2	NA	0.0215443469	0.2	0.87	0.43	0.77	0.79	2025-05-23	Kpn	domain_all_binary_class	domain	drug_class	all_binary	#66a61e	22
amikacin	2664	0.16	1	0.6	0.2	NA	0.0215443469	0.6	0.76	2.41	0.83	0.86	2025-05-23	Kpn	gene_all_binary	gene	drug	all_binary	#e6ab02	22
aminogycosides	127	0.61	1	0.6	0.2	NA	0.1	0.8	0.9	0.71	0.91	0.9	2025-05-23	Kpn	gene_all_binary	gene	drug	all_binary	#e6ab02	22
amoxicillin/clavulanic acid	864	0.79	1	0.6	0.2	NA	1.00E-04	0.2	0.95	0.33	0.86	0.89	2025-05-23	Kpn	gene_all_binary	gene	drug	all_binary	#e6ab02	22
ampicillin/sulbactam	1897	0.87	1	0.6	0.2	NA	0.01	1	0.97	0.2	0.85	0.88	2025-05-23	Kpn	gene_all_binary	gene	drug	all_binary	#e6ab02	22
aztreonam	2289	0.82	1	0.6	0.2	NA	0.0215443469	0.8	0.95	0.26	0.83	0.87	2025-05-23	Kpn	gene_all_binary	gene	drug	all_binary	#e6ab02	22
beta-lactam	127	0.66	1	0.6	0.2	NA	1.00E-04	0.6	0.9	0.58	0.91	0.89	2025-05-23	Kpn	gene_all_binary	gene	drug	all_binary	#e6ab02	22
carbenicillin	89	0.94	1	0.6	0.2	NA	1.00E-04	0	0.94	0.09	0.5	NA	2025-05-23	Kpn	gene_all_binary	gene	drug	all_binary	#e6ab02	22
cefazolin	2370	0.82	1	0.6	0.2	NA	0.0215443469	0.8	0.98	0.29	0.93	0.94	2025-05-23	Kpn	gene_all_binary	gene	drug	all_binary	#e6ab02	22
cefepime	2264	0.63	1	0.6	0.2	NA	0.1	0.2	0.88	0.56	0.83	0.83	2025-05-23	Kpn	gene_all_binary	gene	drug	all_binary	#e6ab02	22
cefotaxime	1422	0.71	1	0.6	0.2	NA	0.0215443469	0.8	0.96	0.49	0.95	0.94	2025-05-23	Kpn	gene_all_binary	gene	drug	all_binary	#e6ab02	22
cefotetan	144	0.27	1	0.6	0.2	NA	1.00E-04	0.2	0.75	1.74	0.83	0.83	2025-05-23	Kpn	gene_all_binary	gene	drug	all_binary	#e6ab02	22
cefoxitin	2253	0.54	1	0.6	0.2	NA	1.00E-04	0.6	0.86	0.78	0.85	0.85	2025-05-23	Kpn	gene_all_binary	gene	drug	all_binary	#e6ab02	22
cefpodoxime	294	0.74	1	0.6	0.2	NA	1.00E-04	1	0.88	0.38	0.85	0.82	2025-05-23	Kpn	gene_all_binary	gene	drug	all_binary	#e6ab02	22
cefpodoxime_clavulanic_acid	188	0.87	1	0.6	0.2	NA	1.00E-04	0	0.91	0.19	0.57	0.61	2025-05-23	Kpn	gene_all_binary	gene	drug	all_binary	#e6ab02	22
ceftazidime	3281	0.72	1	0.6	0.2	NA	0.0215443469	0.4	0.97	0.46	0.94	0.94	2025-05-23	Kpn	gene_all_binary	gene	drug	all_binary	#e6ab02	22
ceftazidime/avibactam	327	0.25	1	0.6	0.2	NA	0.1	0.6	0.87	1.93	0.88	0.92	2025-05-23	Kpn	gene_all_binary	gene	drug	all_binary	#e6ab02	22
ceftolozane/tazobactam	147	0.62	1	0.6	0.2	NA	1.00E-04	0.4	0.92	0.68	0.91	0.9	2025-05-23	Kpn	gene_all_binary	gene	drug	all_binary	#e6ab02	22
ceftriaxone	2340	0.82	1	0.6	0.2	NA	1.00E-04	0.6	0.99	0.29	0.98	0.97	2025-05-23	Kpn	gene_all_binary	gene	drug	all_binary	#e6ab02	22
ceftriaxone/cefpodoxime	53	0.51	1	0.6	0.2	NA	1.00E-04	0.2	1	0.97	1	1	2025-05-23	Kpn	gene_all_binary	gene	drug	all_binary	#e6ab02	22
cefuroxime	1668	0.93	1	0.6	0.2	NA	0.04641588834	0.8	0.98	0.1	0.77	0.83	2025-05-23	Kpn	gene_all_binary	gene	drug	all_binary	#e6ab02	22
cephalothin	168	0.79	1	0.6	0.2	NA	0.01	1	0.91	0.33	0.77	0.79	2025-05-23	Kpn	gene_all_binary	gene	drug	all_binary	#e6ab02	22
chloramphenicol	329	0.69	1	0.6	0.2	NA	0.04641588834	1	0.86	0.42	0.76	0.77	2025-05-23	Kpn	gene_all_binary	gene	drug	all_binary	#e6ab02	22
ciprofloxacin	3558	0.68	1	0.6	0.2	NA	0.04641588834	0.2	0.95	0.54	0.93	0.92	2025-05-23	Kpn	gene_all_binary	gene	drug	all_binary	#e6ab02	22
colistin	1266	0.23	1	0.6	0.2	NA	1.00E-04	0	0.59	1.69	0.73	0.75	2025-05-23	Kpn	gene_all_binary	gene	drug	all_binary	#e6ab02	22
doripenem	233	0.89	1	0.6	0.2	NA	1.00E-04	0	0.92	0.08	0.5	NA	2025-05-23	Kpn	gene_all_binary	gene	drug	all_binary	#e6ab02	22
doxycycline	141	0.32	1	0.6	0.2	NA	0.1	0.4	0.57	1.19	0.7	0.74	2025-05-23	Kpn	gene_all_binary	gene	drug	all_binary	#e6ab02	22
ertapenem	1382	0.65	1	0.6	0.2	NA	0.04641588834	0.8	0.98	0.62	0.98	0.97	2025-05-23	Kpn	gene_all_binary	gene	drug	all_binary	#e6ab02	22
extended spectrum beta lactamase	403	0.42	1	0.6	0.2	NA	1.00E-04	0.4	0.94	1.22	0.94	0.95	2025-05-23	Kpn	gene_all_binary	gene	drug	all_binary	#e6ab02	22
fluoroquinolones	127	0.57	1	0.6	0.2	NA	0.1	0.6	0.74	0.25	0.62	0.64	2025-05-23	Kpn	gene_all_binary	gene	drug	all_binary	#e6ab02	22
fosfomycin	270	0.26	1	0.6	0.2	NA	1.00E-04	0.2	0.52	1.43	0.68	0.72	2025-05-23	Kpn	gene_all_binary	gene	drug	all_binary	#e6ab02	22
gentamicin	3662	0.38	1	0.6	0.2	NA	0.04641588834	0.2	0.93	1.35	0.94	0.94	2025-05-23	Kpn	gene_all_binary	gene	drug	all_binary	#e6ab02	22
imipenem	2199	0.46	1	0.6	0.2	NA	0.01	0.6	0.94	1.06	0.94	0.94	2025-05-23	Kpn	gene_all_binary	gene	drug	all_binary	#e6ab02	22
kanamycin	82	0.93	1	0.6	0.2	NA	1.00E-04	0	1	0.1	NA	NA	2025-05-23	Kpn	gene_all_binary	gene	drug	all_binary	#e6ab02	22
levofloxacin	2009	0.79	1	0.6	0.2	NA	1.00E-04	0	0.96	0.33	0.9	0.9	2025-05-23	Kpn	gene_all_binary	gene	drug	all_binary	#e6ab02	22
meropenem	3520	0.33	1	0.6	0.2	NA	0.01	1	0.93	1.56	0.94	0.95	2025-05-23	Kpn	gene_all_binary	gene	drug	all_binary	#e6ab02	22
minocycline	87	0.22	1	0.6	0.2	NA	1.00E-04	0	0.8	2.06	0.86	0.86	2025-05-23	Kpn	gene_all_binary	gene	drug	all_binary	#e6ab02	22
moxifloxacin	92	0.42	1	0.6	0.2	NA	0.0215443469	0.2	0.36	0.72	0.58	0.61	2025-05-23	Kpn	gene_all_binary	gene	drug	all_binary	#e6ab02	22
nalidixic acid	157	0.64	1	0.6	0.2	NA	0.0215443469	0.6	0.76	0.46	0.59	0.61	2025-05-23	Kpn	gene_all_binary	gene	drug	all_binary	#e6ab02	22
nitrofurantoin	1123	0.82	1	0.6	0.2	NA	0.1	0.2	0.9	0.24	0.7	0.74	2025-05-23	Kpn	gene_all_binary	gene	drug	all_binary	#e6ab02	22
norfloxacin	186	0.15	1	0.6	0.2	NA	1.00E-04	0.2	0.89	2.68	0.9	0.94	2025-05-23	Kpn	gene_all_binary	gene	drug	all_binary	#e6ab02	22
piperacillin/tazobactam	2505	0.68	1	0.6	0.2	NA	1.00E-04	0.4	0.91	0.5	0.87	0.86	2025-05-23	Kpn	gene_all_binary	gene	drug	all_binary	#e6ab02	22
polymyxin B	233	0.21	1	0.6	0.2	NA	1.00E-04	0	0.91	2.21	0.92	0.94	2025-05-23	Kpn	gene_all_binary	gene	drug	all_binary	#e6ab02	22
streptomycin	74	0.69	1	0.6	0.2	NA	1.00E-04	0.2	1	0.54	1	1	2025-05-23	Kpn	gene_all_binary	gene	drug	all_binary	#e6ab02	22
tetracycline	1705	0.53	1	0.6	0.2	NA	0.04641588834	0.4	0.83	0.81	0.83	0.83	2025-05-23	Kpn	gene_all_binary	gene	drug	all_binary	#e6ab02	22
ticarcillin/clavulanic acid	239	0.42	1	0.6	0.2	NA	1.00E-04	0.2	0.93	1.24	0.94	0.94	2025-05-23	Kpn	gene_all_binary	gene	drug	all_binary	#e6ab02	22
tigecycline	1114	0.23	1	0.6	0.2	NA	0.04641588834	0.2	0.63	1.63	0.74	0.77	2025-05-23	Kpn	gene_all_binary	gene	drug	all_binary	#e6ab02	22
tobramycin	2179	0.58	1	0.6	0.2	NA	1.00E-04	0.4	0.93	0.73	0.92	0.92	2025-05-23	Kpn	gene_all_binary	gene	drug	all_binary	#e6ab02	22
trimethoprim	251	0.44	1	0.6	0.2	NA	0.0215443469	0.6	0.88	1.13	0.9	0.9	2025-05-23	Kpn	gene_all_binary	gene	drug	all_binary	#e6ab02	22
trimethoprim/sulfamethoxazole	3317	0.67	1	0.6	0.2	NA	0.1	0.2	0.95	0.56	0.91	0.92	2025-05-23	Kpn	gene_all_binary	gene	drug	all_binary	#e6ab02	22
trimethoprim/sulfobactam	225	0.33	1	0.6	0.2	NA	0.1	1	0.85	1.57	0.87	0.9	2025-05-23	Kpn	gene_all_binary	gene	drug	all_binary	#e6ab02	22
trimotheprim	127	0.72	1	0.6	0.2	NA	1.00E-04	0.6	0.93	0.24	0.79	0.85	2025-05-23	Kpn	gene_all_binary	gene	drug	all_binary	#e6ab02	22
aminoglycosides	3860	0.56	1	0.6	0.2	NA	0.01	0.4	0.9	0.78	0.9	0.89	2025-05-22	Kpn	gene_all_binary_class	gene	drug_class	all_binary	#e6ab02	22
amphenicols	342	0.7	1	0.6	0.2	NA	1.00E-04	0.4	0.92	0.49	0.84	0.86	2025-05-22	Kpn	gene_all_binary_class	gene	drug_class	all_binary	#e6ab02	22
carbapenems	3816	0.39	1	0.6	0.2	NA	0.0215443469	0.4	0.94	1.33	0.95	0.95	2025-05-22	Kpn	gene_all_binary_class	gene	drug_class	all_binary	#e6ab02	22
cephalosporins	2914	0.83	1	0.6	0.2	NA	0.01	0.8	0.97	0.27	0.91	0.92	2025-05-22	Kpn	gene_all_binary_class	gene	drug_class	all_binary	#e6ab02	22
fluoroquinolones	3608	0.67	1	0.6	0.2	NA	0.004641588834	0.6	0.95	0.56	0.92	0.92	2025-05-22	Kpn	gene_all_binary_class	gene	drug_class	all_binary	#e6ab02	22
monobactams	2289	0.83	1	0.6	0.2	NA	0.04641588834	0.4	0.96	0.24	0.81	0.87	2025-05-22	Kpn	gene_all_binary_class	gene	drug_class	all_binary	#e6ab02	22
nitrofuran-derivatives	1123	0.82	1	0.6	0.2	NA	1.00E-04	0	0.93	0.26	0.69	0.74	2025-05-22	Kpn	gene_all_binary_class	gene	drug_class	all_binary	#e6ab02	22
penicillins/beta-lactamase-inhibitor	2863	0.82	1	0.6	0.2	NA	1.00E-04	0.6	0.95	0.26	0.84	0.86	2025-05-22	Kpn	gene_all_binary_class	gene	drug_class	all_binary	#e6ab02	22
phosphonic acid antibacterial	270	0.26	1	0.6	0.2	NA	1.00E-04	0.2	0.52	1.43	0.68	0.72	2025-05-22	Kpn	gene_all_binary_class	gene	drug_class	all_binary	#e6ab02	22
polymyxin	1422	0.23	1	0.6	0.2	NA	1.00E-04	0.2	0.58	1.65	0.71	0.74	2025-05-22	Kpn	gene_all_binary_class	gene	drug_class	all_binary	#e6ab02	22
quinolones	157	0.64	1	0.6	0.2	NA	0.0215443469	0.6	0.76	0.46	0.59	0.61	2025-05-22	Kpn	gene_all_binary_class	gene	drug_class	all_binary	#e6ab02	22
tetracyclines	2665	0.44	1	0.6	0.2	NA	0.01	1	0.78	0.93	0.8	0.81	2025-05-22	Kpn	gene_all_binary_class	gene	drug_class	all_binary	#e6ab02	22
trimethoprim-derivatives	251	0.44	1	0.6	0.2	NA	0.0215443469	0.6	0.88	1.13	0.9	0.9	2025-05-22	Kpn	gene_all_binary_class	gene	drug_class	all_binary	#e6ab02	22
trimethoprim/sulfonamides	3317	0.67	1	0.6	0.2	NA	1.00E-04	0.2	0.94	0.55	0.91	0.91	2025-05-22	Kpn	gene_all_binary_class	gene	drug_class	all_binary	#e6ab02	22
amikacin	694	0.18	1	0.6	0.2	NA	1.00E-04	0.2	0.53	2	0.7	0.72	2025-05-22	Pae	domain_all_binary	domain	drug	all_binary	#66a61e	22
aztreonam	217	0.49	1	0.6	0.2	NA	0.1	0.8	0.62	0.59	0.64	0.64	2025-05-22	Pae	domain_all_binary	domain	drug	all_binary	#66a61e	22
cefepime	254	0.47	1	0.6	0.2	NA	0.04641588834	0.8	0.6	0.6	0.66	0.66	2025-05-22	Pae	domain_all_binary	domain	drug	all_binary	#66a61e	22
ceftazidime	829	0.46	1	0.6	0.2	NA	0.004641588834	1	0.69	0.67	0.71	0.71	2025-05-22	Pae	domain_all_binary	domain	drug	all_binary	#66a61e	22
ceftazidime/avibactam	282	0.46	1	0.6	0.2	NA	0.1	0.6	0.62	0.85	0.7	0.72	2025-05-22	Pae	domain_all_binary	domain	drug	all_binary	#66a61e	22
ceftolozane/tazobactam	235	0.53	1	0.6	0.2	NA	0.1	1	0.79	0.7	0.79	0.79	2025-05-22	Pae	domain_all_binary	domain	drug	all_binary	#66a61e	22
ciprofloxacin	677	0.54	1	0.6	0.2	NA	0.1	0.4	0.79	0.75	0.8	0.8	2025-05-22	Pae	domain_all_binary	domain	drug	all_binary	#66a61e	22
doripenem	68	0.71	1	0.6	0.2	NA	1.00E-04	0	0.87	0.46	0.62	0.72	2025-05-22	Pae	domain_all_binary	domain	drug	all_binary	#66a61e	22
gentamicin	365	0.27	1	0.6	0.2	NA	0.04641588834	0.2	0.68	1.57	0.78	0.79	2025-05-22	Pae	domain_all_binary	domain	drug	all_binary	#66a61e	22
imipenem	449	0.51	1	0.6	0.2	NA	0.01	0.8	0.77	0.75	0.77	0.77	2025-05-22	Pae	domain_all_binary	domain	drug	all_binary	#66a61e	22
levofloxacin	684	0.47	1	0.6	0.2	NA	0.1	0.4	0.72	0.75	0.76	0.77	2025-05-22	Pae	domain_all_binary	domain	drug	all_binary	#66a61e	22
meropenem	835	0.55	1	0.6	0.2	NA	0.1	0.8	0.68	0.41	0.6	0.6	2025-05-22	Pae	domain_all_binary	domain	drug	all_binary	#66a61e	22
piperacillin	143	0.17	1	0.6	0.2	NA	1.00E-04	0.2	0	-1.5	0.48	0.47	2025-05-22	Pae	domain_all_binary	domain	drug	all_binary	#66a61e	22
piperacillin/tazobactam	214	0.39	1	0.6	0.2	NA	1.00E-04	0	0.64	1	0.73	0.75	2025-05-22	Pae	domain_all_binary	domain	drug	all_binary	#66a61e	22
tobramycin	606	0.29	1	0.6	0.2	NA	1.00E-04	0	0.72	1.58	0.79	0.84	2025-05-22	Pae	domain_all_binary	domain	drug	all_binary	#66a61e	22
aminoglycosides	1059	0.33	1	0.6	0.2	NA	0.004641588834	0.6	0.73	1.38	0.8	0.8	2025-05-21	Pae	domain_all_binary_class	domain	drug_class	all_binary	#66a61e	22
carbapenems	1068	0.54	1	0.6	0.2	NA	0.0215443469	0.6	0.68	0.53	0.68	0.68	2025-05-21	Pae	domain_all_binary_class	domain	drug_class	all_binary	#66a61e	22
cephalosporins	261	0.49	1	0.6	0.2	NA	1.00E-04	0	0.69	0.71	0.72	0.72	2025-05-21	Pae	domain_all_binary_class	domain	drug_class	all_binary	#66a61e	22
fluoroquinolones	1011	0.52	1	0.6	0.2	NA	1.00E-04	0	0.72	0.74	0.75	0.75	2025-05-21	Pae	domain_all_binary_class	domain	drug_class	all_binary	#66a61e	22
monobactams	217	0.49	1	0.6	0.2	NA	0.1	0.8	0.62	0.59	0.64	0.64	2025-05-21	Pae	domain_all_binary_class	domain	drug_class	all_binary	#66a61e	22
penicillins	244	0.52	1	0.6	0.2	NA	1.00E-04	0	0.94	0.9	0.94	0.94	2025-05-21	Pae	domain_all_binary_class	domain	drug_class	all_binary	#66a61e	22
penicillins/beta-lactamase-inhibitor	218	0.41	1	0.6	0.2	NA	0.1	0.2	0.44	0.85	0.61	0.63	2025-05-21	Pae	domain_all_binary_class	domain	drug_class	all_binary	#66a61e	22
polymyxin	557	0.02	1	0.6	0.2	NA	1.00E-04	0	NA	-1	0.5	NA	2025-05-21	Pae	domain_all_binary_class	domain	drug_class	all_binary	#66a61e	22
amikacin	694	0.18	1	0.6	0.2	NA	1.00E-04	0	0.41	1.92	0.63	0.68	2025-05-22	Pae	gene_all_binary	gene	drug	all_binary	#e6ab02	22
aztreonam	217	0.49	1	0.6	0.2	NA	0.004641588834	1	0.68	0.41	0.67	0.67	2025-05-22	Pae	gene_all_binary	gene	drug	all_binary	#e6ab02	22
cefepime	254	0.47	1	0.6	0.2	NA	0.01	0.4	0.59	0.2	0.64	0.64	2025-05-22	Pae	gene_all_binary	gene	drug	all_binary	#e6ab02	22
ceftazidime	829	0.46	1	0.6	0.2	NA	0.0215443469	0.8	0.72	0.85	0.76	0.77	2025-05-22	Pae	gene_all_binary	gene	drug	all_binary	#e6ab02	22
ceftazidime/avibactam	282	0.46	1	0.6	0.2	NA	0.04641588834	1	0.71	0.98	0.76	0.77	2025-05-22	Pae	gene_all_binary	gene	drug	all_binary	#e6ab02	22
ceftolozane/tazobactam	235	0.53	1	0.6	0.2	NA	0.1	0.8	0.86	0.8	0.85	0.85	2025-05-22	Pae	gene_all_binary	gene	drug	all_binary	#e6ab02	22
ciprofloxacin	677	0.54	1	0.6	0.2	NA	0.1	0.2	0.8	0.75	0.81	0.81	2025-05-22	Pae	gene_all_binary	gene	drug	all_binary	#e6ab02	22
doripenem	68	0.71	1	0.6	0.2	NA	1.00E-04	0	0.87	0.42	0.62	0.72	2025-05-22	Pae	gene_all_binary	gene	drug	all_binary	#e6ab02	22
gentamicin	365	0.27	1	0.6	0.2	NA	0.0215443469	0.4	0.69	1.39	0.77	0.8	2025-05-22	Pae	gene_all_binary	gene	drug	all_binary	#e6ab02	22
imipenem	449	0.51	1	0.6	0.2	NA	1.00E-04	0	0.79	0.85	0.8	0.81	2025-05-22	Pae	gene_all_binary	gene	drug	all_binary	#e6ab02	22
levofloxacin	684	0.47	1	0.6	0.2	NA	0.04641588834	0.2	0.8	0.87	0.83	0.84	2025-05-22	Pae	gene_all_binary	gene	drug	all_binary	#e6ab02	22
meropenem	835	0.55	1	0.6	0.2	NA	0.0215443469	1	0.7	0.49	0.68	0.68	2025-05-22	Pae	gene_all_binary	gene	drug	all_binary	#e6ab02	22
piperacillin	143	0.17	1	0.6	0.2	NA	1.00E-04	0.2	0	-0.77	0.46	0.46	2025-05-22	Pae	gene_all_binary	gene	drug	all_binary	#e6ab02	22
piperacillin/tazobactam	214	0.39	1	0.6	0.2	NA	1.00E-04	0	0.67	1.05	0.75	0.78	2025-05-22	Pae	gene_all_binary	gene	drug	all_binary	#e6ab02	22
tobramycin	606	0.29	1	0.6	0.2	NA	0.1	0.4	0.66	1.57	0.75	0.79	2025-05-22	Pae	gene_all_binary	gene	drug	all_binary	#e6ab02	22
aminoglycosides	1059	0.33	1	0.6	0.2	NA	0.0215443469	1	0.83	1.46	0.87	0.88	2025-05-21	Pae	gene_all_binary_class	gene	drug_class	all_binary	#e6ab02	22
carbapenems	1068	0.54	1	0.6	0.2	NA	1.00E-04	0	0.75	0.64	0.73	0.73	2025-05-21	Pae	gene_all_binary_class	gene	drug_class	all_binary	#e6ab02	22
cephalosporins	261	0.49	1	0.6	0.2	NA	1.00E-04	0.2	0.68	0.61	0.7	0.7	2025-05-21	Pae	gene_all_binary_class	gene	drug_class	all_binary	#e6ab02	22
fluoroquinolones	1011	0.52	1	0.6	0.2	NA	1.00E-04	0.4	0.76	0.73	0.77	0.77	2025-05-21	Pae	gene_all_binary_class	gene	drug_class	all_binary	#e6ab02	22
monobactams	217	0.49	1	0.6	0.2	NA	0.004641588834	1	0.68	0.41	0.67	0.67	2025-05-21	Pae	gene_all_binary_class	gene	drug_class	all_binary	#e6ab02	22
penicillins	244	0.52	1	0.6	0.2	NA	1.00E-04	0	0.94	0.88	0.94	0.94	2025-05-21	Pae	gene_all_binary_class	gene	drug_class	all_binary	#e6ab02	22
penicillins/beta-lactamase-inhibitor	218	0.41	1	0.6	0.2	NA	0.1	1	0.53	0.79	0.65	0.66	2025-05-21	Pae	gene_all_binary_class	gene	drug_class	all_binary	#e6ab02	22
polymyxin	557	0.02	1	0.6	0.2	NA	1.00E-04	1	0	-Inf	0.5	0.5	2025-05-21	Pae	gene_all_binary_class	gene	drug_class	all_binary	#e6ab02	22
amoxicillin/clavulanic acid	18	0.5	1	0.6	0.2	NA	1.00E-04	0.2	0.8	-0.25	0.75	0.79	2025-05-19	Sau	domain_all_binary	domain	drug	all_binary	#66a61e	22
cefoxitin	1034	0.78	1	0.6	0.2	NA	0.01	0.2	0.99	0.34	0.98	0.99	2025-05-19	Sau	domain_all_binary	domain	drug	all_binary	#66a61e	22
chloramphenicol	784	0.04	1	0.6	0.2	NA	1.00E-04	0.2	0.89	4.52	0.9	0.95	2025-05-19	Sau	domain_all_binary	domain	drug	all_binary	#66a61e	22
ciprofloxacin	2209	0.46	1	0.6	0.2	NA	0.01	0.8	0.87	1.02	0.88	0.88	2025-05-19	Sau	domain_all_binary	domain	drug	all_binary	#66a61e	22
clindamycin	1086	0.38	1	0.6	0.2	NA	0.0215443469	0.2	0.85	1.29	0.87	0.88	2025-05-19	Sau	domain_all_binary	domain	drug	all_binary	#66a61e	22
erythromycin	2351	0.37	1	0.6	0.2	NA	0.00215443469	1	0.8	1.22	0.84	0.85	2025-05-19	Sau	domain_all_binary	domain	drug	all_binary	#66a61e	22
florfenicol	17	0.53	1	0.6	0.2	NA	1.00E-04	0	1	0.92	1	1	2025-05-19	Sau	domain_all_binary	domain	drug	all_binary	#66a61e	22
fusidic acid	1956	0.15	1	0.6	0.2	NA	1.00E-04	0.2	0.81	2.47	0.87	0.89	2025-05-19	Sau	domain_all_binary	domain	drug	all_binary	#66a61e	22
gentamicin	2382	0.12	1	0.6	0.2	NA	4.64E-04	0.4	0.96	3.01	0.98	0.97	2025-05-19	Sau	domain_all_binary	domain	drug	all_binary	#66a61e	22
kanamycin	58	0.31	1	0.6	0.2	NA	1.00E-04	0	1	1.69	1	1	2025-05-19	Sau	domain_all_binary	domain	drug	all_binary	#66a61e	22
levofloxacin	281	0.1	1	0.6	0.2	NA	1.00E-04	0.2	0.75	3.14	0.82	0.86	2025-05-19	Sau	domain_all_binary	domain	drug	all_binary	#66a61e	22
methicillin	1898	0.58	1	0.6	0.2	NA	1.00E-04	0.6	0.96	0.77	0.96	0.96	2025-05-19	Sau	domain_all_binary	domain	drug	all_binary	#66a61e	22
mupirocin	1292	0.03	1	0.6	0.2	NA	1.00E-04	0.2	0.8	4.44	1	0.91	2025-05-19	Sau	domain_all_binary	domain	drug	all_binary	#66a61e	22
oxacillin	610	0.24	1	0.6	0.2	NA	0.04641588834	0.2	0.78	1.91	0.84	0.87	2025-05-19	Sau	domain_all_binary	domain	drug	all_binary	#66a61e	22
penicillin	1358	0.88	1	0.6	0.2	NA	0.04641588834	0.2	0.98	0.17	0.92	0.91	2025-05-19	Sau	domain_all_binary	domain	drug	all_binary	#66a61e	22
rifampin	1990	0.02	1	0.6	0.2	NA	1.00E-04	0.2	0	0	0.49	0.49	2025-05-19	Sau	domain_all_binary	domain	drug	all_binary	#66a61e	22
tetracycline	1992	0.17	1	0.6	0.2	NA	1.00E-04	0.2	0.72	2.3	0.8	0.84	2025-05-19	Sau	domain_all_binary	domain	drug	all_binary	#66a61e	22
tiamulin	17	0.59	1	0.6	0.2	NA	1.00E-04	0	1	0.76	1	1	2025-05-19	Sau	domain_all_binary	domain	drug	all_binary	#66a61e	22
tigecycline	21	0.48	1	0.6	0.2	NA	1.00E-04	0	1	1.06	1	1	2025-05-19	Sau	domain_all_binary	domain	drug	all_binary	#66a61e	22
tobramycin	62	0.29	1	0.6	0.2	NA	1.00E-04	0.2	1	1.79	1	1	2025-05-19	Sau	domain_all_binary	domain	drug	all_binary	#66a61e	22
trimethoprim	559	0.04	1	0.6	0.2	NA	1.00E-04	0.2	0.33	3.25	0.62	0.67	2025-05-19	Sau	domain_all_binary	domain	drug	all_binary	#66a61e	22
trimethoprim/sulfamethoxazole	719	0.25	1	0.6	0.2	NA	1.00E-04	0.2	0.82	1.85	0.86	0.89	2025-05-19	Sau	domain_all_binary	domain	drug	all_binary	#66a61e	22
vancomycin	1343	0.03	1	0.6	0.2	NA	1.00E-04	0.2	1	5.06	1	1	2025-05-19	Sau	domain_all_binary	domain	drug	all_binary	#66a61e	22
aminoacyl-trna synthetase inhibitor	1292	0.03	1	0.6	0.2	NA	1.00E-04	0.2	0.91	4.87	0.95	0.95	2025-05-20	Sau	domain_all_binary_class	domain	drug_class	all_binary	#66a61e	22
aminoglycosides	2382	0.12	1	0.6	0.2	NA	0.004641588834	0.4	0.99	3.06	0.99	1	2025-05-20	Sau	domain_all_binary_class	domain	drug_class	all_binary	#66a61e	22
amphenicols	801	0.05	1	0.6	0.2	NA	1.00E-04	0.4	0.83	3.96	0.86	0.92	2025-05-20	Sau	domain_all_binary_class	domain	drug_class	all_binary	#66a61e	22
cephalosporins	1052	0.78	1	0.6	0.2	NA	1.00E-04	0	0.99	0.36	0.98	0.97	2025-05-20	Sau	domain_all_binary_class	domain	drug_class	all_binary	#66a61e	22
fluoroquinolones	2481	0.42	1	0.6	0.2	NA	1.00E-04	0.2	0.87	1.18	0.89	0.89	2025-05-20	Sau	domain_all_binary_class	domain	drug_class	all_binary	#66a61e	22
fusidane	1956	0.15	1	0.6	0.2	NA	0.1	0.2	0.85	2.52	0.87	0.91	2025-05-20	Sau	domain_all_binary_class	domain	drug_class	all_binary	#66a61e	22
glycopeptides	1343	0.03	1	0.6	0.2	NA	1.00E-04	0.2	1	5.06	1	1	2025-05-20	Sau	domain_all_binary_class	domain	drug_class	all_binary	#66a61e	22
lincosamides	1086	0.38	1	0.6	0.2	NA	0.0215443469	0.4	0.85	1.24	0.88	0.89	2025-05-20	Sau	domain_all_binary_class	domain	drug_class	all_binary	#66a61e	22
macrolides	2351	0.37	1	0.6	0.2	NA	0.0215443469	0.8	0.8	1.28	0.84	0.84	2025-05-20	Sau	domain_all_binary_class	domain	drug_class	all_binary	#66a61e	22
penicillins	2510	0.87	1	0.6	0.2	NA	0.001	0.6	0.98	0.2	0.91	0.91	2025-05-20	Sau	domain_all_binary_class	domain	drug_class	all_binary	#66a61e	22
penicillins/beta-lactamase-inhibitor	18	0.5	1	0.6	0.2	NA	1.00E-04	0.2	0.8	-0.25	0.75	0.79	2025-05-20	Sau	domain_all_binary_class	domain	drug_class	all_binary	#66a61e	22
pleuromutilin	17	0.59	1	0.6	0.2	NA	1.00E-04	0	1	0.76	1	1	2025-05-20	Sau	domain_all_binary_class	domain	drug_class	all_binary	#66a61e	22
rifamycins	1990	0.02	1	0.6	0.2	NA	1.00E-04	0	0.29	3.39	0.59	0.67	2025-05-20	Sau	domain_all_binary_class	domain	drug_class	all_binary	#66a61e	22
tetracyclines	2011	0.16	1	0.6	0.2	NA	0.0215443469	0.6	0.79	2.41	0.84	0.88	2025-05-20	Sau	domain_all_binary_class	domain	drug_class	all_binary	#66a61e	22
trimethoprim-derivatives	559	0.04	1	0.6	0.2	NA	1.00E-04	0.2	0.33	3.25	0.62	0.67	2025-05-20	Sau	domain_all_binary_class	domain	drug_class	all_binary	#66a61e	22
trimethoprim/sulfonamides	719	0.25	1	0.6	0.2	NA	0.1	0.6	0.75	1.73	0.8	0.86	2025-05-20	Sau	domain_all_binary_class	domain	drug_class	all_binary	#66a61e	22
amoxicillin/clavulanic acid	18	0.5	1	0.6	0.2	NA	1.00E-04	1	NA	0.31	0.5	NA	2025-05-19	Sau	gene_all_binary	gene	drug	all_binary	#e6ab02	22
cefoxitin	1034	0.78	1	0.6	0.2	NA	1.00E-04	0.2	1	0.36	0.99	0.99	2025-05-19	Sau	gene_all_binary	gene	drug	all_binary	#e6ab02	22
chloramphenicol	784	0.04	1	0.6	0.2	NA	1.00E-04	0.2	0.89	4.51	0.9	0.95	2025-05-19	Sau	gene_all_binary	gene	drug	all_binary	#e6ab02	22
ciprofloxacin	2209	0.46	1	0.6	0.2	NA	0.04641588834	0.2	0.91	1.08	0.91	0.91	2025-05-19	Sau	gene_all_binary	gene	drug	all_binary	#e6ab02	22
clindamycin	1086	0.38	1	0.6	0.2	NA	0.004641588834	0.8	0.94	1.35	0.95	0.96	2025-05-19	Sau	gene_all_binary	gene	drug	all_binary	#e6ab02	22
erythromycin	2351	0.37	1	0.6	0.2	NA	1.00E-04	0.6	0.95	1.41	0.96	0.96	2025-05-19	Sau	gene_all_binary	gene	drug	all_binary	#e6ab02	22
florfenicol	17	0.53	1	0.6	0.2	NA	1.00E-04	0	1	0.92	1	1	2025-05-19	Sau	gene_all_binary	gene	drug	all_binary	#e6ab02	22
fusidic acid	1956	0.15	1	0.6	0.2	NA	0.0215443469	1	0.82	2.54	0.86	0.9	2025-05-19	Sau	gene_all_binary	gene	drug	all_binary	#e6ab02	22
gentamicin	2382	0.12	1	0.6	0.2	NA	1.00E-04	0.4	0.95	2.95	0.98	0.97	2025-05-19	Sau	gene_all_binary	gene	drug	all_binary	#e6ab02	22
kanamycin	58	0.31	1	0.6	0.2	NA	1.00E-04	1	1	1.69	1	1	2025-05-19	Sau	gene_all_binary	gene	drug	all_binary	#e6ab02	22
levofloxacin	281	0.1	1	0.6	0.2	NA	1.00E-04	0	0.62	3.1	0.72	0.82	2025-05-19	Sau	gene_all_binary	gene	drug	all_binary	#e6ab02	22
methicillin	1898	0.58	1	0.6	0.2	NA	0.1	0.2	0.99	0.77	0.98	0.98	2025-05-19	Sau	gene_all_binary	gene	drug	all_binary	#e6ab02	22
mupirocin	1292	0.03	1	0.6	0.2	NA	0.1	0.2	0.6	4.03	0.87	0.8	2025-05-19	Sau	gene_all_binary	gene	drug	all_binary	#e6ab02	22
oxacillin	610	0.24	1	0.6	0.2	NA	0.1	0.2	0.86	2	0.92	0.91	2025-05-19	Sau	gene_all_binary	gene	drug	all_binary	#e6ab02	22
penicillin	1358	0.88	1	0.6	0.2	NA	0.1	0.2	0.99	0.17	0.95	0.96	2025-05-19	Sau	gene_all_binary	gene	drug	all_binary	#e6ab02	22
rifampin	1990	0.02	1	0.6	0.2	NA	1.00E-04	0.2	0	0.58	0.49	0.49	2025-05-19	Sau	gene_all_binary	gene	drug	all_binary	#e6ab02	22
tetracycline	1992	0.17	1	0.6	0.2	NA	1.00E-04	0.8	0.95	2.5	0.96	0.97	2025-05-19	Sau	gene_all_binary	gene	drug	all_binary	#e6ab02	22
tiamulin	17	0.59	1	0.6	0.2	NA	1.00E-04	0	1	0.76	1	1	2025-05-19	Sau	gene_all_binary	gene	drug	all_binary	#e6ab02	22
tigecycline	21	0.48	1	0.6	0.2	NA	1.00E-04	0	1	1.06	1	1	2025-05-19	Sau	gene_all_binary	gene	drug	all_binary	#e6ab02	22
tobramycin	62	0.29	1	0.6	0.2	NA	1.00E-04	0.2	1	1.79	1	1	2025-05-19	Sau	gene_all_binary	gene	drug	all_binary	#e6ab02	22
trimethoprim	559	0.04	1	0.6	0.2	NA	0.04641588834	0.2	0.67	3.78	0.75	0.85	2025-05-19	Sau	gene_all_binary	gene	drug	all_binary	#e6ab02	22
trimethoprim/sulfamethoxazole	719	0.25	1	0.6	0.2	NA	1.00E-04	0.4	0.86	1.91	0.92	0.91	2025-05-19	Sau	gene_all_binary	gene	drug	all_binary	#e6ab02	22
vancomycin	1343	0.03	1	0.6	0.2	NA	1.00E-04	0	1	5.06	1	1	2025-05-19	Sau	gene_all_binary	gene	drug	all_binary	#e6ab02	22
aminoacyl-trna synthetase inhibitor	1292	0.03	1	0.6	0.2	NA	1.00E-04	0.2	0.8	4.64	0.86	0.9	2025-05-20	Sau	gene_all_binary_class	gene	drug_class	all_binary	#e6ab02	22
aminoglycosides	2382	0.12	1	0.6	0.2	NA	0.0215443469	0.4	1	3.06	1	1	2025-05-20	Sau	gene_all_binary_class	gene	drug_class	all_binary	#e6ab02	22
amphenicols	801	0.05	1	0.6	0.2	NA	1.00E-04	0.8	0.86	4.09	0.93	0.93	2025-05-20	Sau	gene_all_binary_class	gene	drug_class	all_binary	#e6ab02	22
cephalosporins	1052	0.78	1	0.6	0.2	NA	1.00E-04	0.2	0.99	0.36	0.98	0.98	2025-05-20	Sau	gene_all_binary_class	gene	drug_class	all_binary	#e6ab02	22
fluoroquinolones	2481	0.42	1	0.6	0.2	NA	0.04641588834	0.4	0.9	1.21	0.91	0.91	2025-05-20	Sau	gene_all_binary_class	gene	drug_class	all_binary	#e6ab02	22
fusidane	1956	0.15	1	0.6	0.2	NA	0.1	0.2	0.84	2.57	0.87	0.91	2025-05-20	Sau	gene_all_binary_class	gene	drug_class	all_binary	#e6ab02	22
glycopeptides	1343	0.03	1	0.6	0.2	NA	1.00E-04	0	1	5.06	1	1	2025-05-20	Sau	gene_all_binary_class	gene	drug_class	all_binary	#e6ab02	22
lincosamides	1086	0.38	1	0.6	0.2	NA	1.00E-04	0.8	0.91	1.32	0.93	0.93	2025-05-20	Sau	gene_all_binary_class	gene	drug_class	all_binary	#e6ab02	22
macrolides	2351	0.37	1	0.6	0.2	NA	0.01	1	0.94	1.39	0.95	0.95	2025-05-20	Sau	gene_all_binary_class	gene	drug_class	all_binary	#e6ab02	22
penicillins	2510	0.87	1	0.6	0.2	NA	1.00E-04	0.2	0.99	0.2	0.95	0.95	2025-05-20	Sau	gene_all_binary_class	gene	drug_class	all_binary	#e6ab02	22
penicillins/beta-lactamase-inhibitor	18	0.5	1	0.6	0.2	NA	1.00E-04	1	NA	0.31	0.5	NA	2025-05-20	Sau	gene_all_binary_class	gene	drug_class	all_binary	#e6ab02	22
pleuromutilin	17	0.59	1	0.6	0.2	NA	1.00E-04	0	1	0.76	1	1	2025-05-20	Sau	gene_all_binary_class	gene	drug_class	all_binary	#e6ab02	22
rifamycins	1990	0.02	1	0.6	0.2	NA	1.00E-04	0	NA	2.91	0.5	NA	2025-05-20	Sau	gene_all_binary_class	gene	drug_class	all_binary	#e6ab02	22
tetracyclines	2011	0.16	1	0.6	0.2	NA	0.004641588834	0.8	0.92	2.6	0.95	0.95	2025-05-20	Sau	gene_all_binary_class	gene	drug_class	all_binary	#e6ab02	22
trimethoprim-derivatives	559	0.04	1	0.6	0.2	NA	0.04641588834	0.2	0.67	3.78	0.75	0.85	2025-05-20	Sau	gene_all_binary_class	gene	drug_class	all_binary	#e6ab02	22
trimethoprim/sulfonamides	719	0.25	1	0.6	0.2	NA	0.04641588834	0.8	0.88	1.9	0.92	0.92	2025-05-20	Sau	gene_all_binary_class	gene	drug_class	all_binary	#e6ab02	22
amikacin	1278	0.6	1	0.6	0.2	NA	0.0215443469	0.4	0.96	0.72	0.95	0.95	2025-05-29	Aba	protein_all_binary	protein	drug	all_binary	skyblue	22
carbapenem	189	0.62	1	0.6	0.2	NA	0.1	0.4	0.92	0.66	0.89	0.89	2025-05-29	Aba	protein_all_binary	protein	drug	all_binary	skyblue	22
cefepime	496	0.86	1	0.6	0.2	NA	1.00E-04	0.2	0.95	0.2	0.71	0.78	2025-05-29	Aba	protein_all_binary	protein	drug	all_binary	skyblue	22
cefotaxime	743	0.96	1	0.6	0.2	NA	0.1	0.2	0.98	0.04	0.5	NA	2025-05-29	Aba	protein_all_binary	protein	drug	all_binary	skyblue	22
ceftazidime	1234	0.84	1	0.6	0.2	NA	1.00E-04	0	0.98	0.25	0.91	0.94	2025-05-29	Aba	protein_all_binary	protein	drug	all_binary	skyblue	22
ceftriaxone	1058	0.92	1	0.6	0.2	NA	1.00E-04	0.2	0.98	0.12	0.81	0.83	2025-05-29	Aba	protein_all_binary	protein	drug	all_binary	skyblue	22
ciprofloxacin	1415	0.89	1	0.6	0.2	NA	0.0215443469	0.4	0.97	0.17	0.8	0.86	2025-05-29	Aba	protein_all_binary	protein	drug	all_binary	skyblue	22
colistin	373	0.06	1	0.6	0.2	NA	1.00E-04	0	0.44	3.39	0.66	0.72	2025-05-29	Aba	protein_all_binary	protein	drug	all_binary	skyblue	22
doripenem	197	0.3	1	0.6	0.2	NA	1.00E-04	0.2	0.91	1.72	0.92	0.94	2025-05-29	Aba	protein_all_binary	protein	drug	all_binary	skyblue	22
doxycycline	148	0.64	1	0.6	0.2	NA	1.00E-04	0	0.97	0.64	0.97	0.97	2025-05-29	Aba	protein_all_binary	protein	drug	all_binary	skyblue	22
gentamicin	1339	0.87	1	0.6	0.2	NA	0.01	0.8	0.97	0.19	0.85	0.87	2025-05-29	Aba	protein_all_binary	protein	drug	all_binary	skyblue	22
imipenem	1542	0.51	1	0.6	0.2	NA	0.0215443469	0.6	0.91	0.9	0.91	0.91	2025-05-29	Aba	protein_all_binary	protein	drug	all_binary	skyblue	22
levofloxacin	928	0.79	1	0.6	0.2	NA	0.0215443469	0.8	0.97	0.33	0.91	0.92	2025-05-29	Aba	protein_all_binary	protein	drug	all_binary	skyblue	22
meropenem	723	0.66	1	0.6	0.2	NA	1.00E-04	0.8	0.95	0.58	0.92	0.93	2025-05-29	Aba	protein_all_binary	protein	drug	all_binary	skyblue	22
minocycline	128	0.2	1	0.6	0.2	NA	1.00E-04	0	0.29	1.23	0.58	0.68	2025-05-29	Aba	protein_all_binary	protein	drug	all_binary	skyblue	22
moxifloxacin	79	0.65	1	0.6	0.2	NA	1.00E-04	0	0.87	0.56	0.79	0.8	2025-05-29	Aba	protein_all_binary	protein	drug	all_binary	skyblue	22
nalidixic acid	86	0.93	1	0.6	0.2	NA	1.00E-04	0	1	0.1	NA	NA	2025-05-29	Aba	protein_all_binary	protein	drug	all_binary	skyblue	22
neomycin	63	0.92	1	0.6	0.2	NA	1.00E-04	0	1	0.12	1	1	2025-05-29	Aba	protein_all_binary	protein	drug	all_binary	skyblue	22
polymyxin B	107	0.14	1	0.6	0.2	NA	1.00E-04	0.2	0.67	1.48	0.81	0.81	2025-05-29	Aba	protein_all_binary	protein	drug	all_binary	skyblue	22
tetracycline	960	0.75	1	0.6	0.2	NA	0.04641588834	0.4	0.97	0.39	0.93	0.95	2025-05-29	Aba	protein_all_binary	protein	drug	all_binary	skyblue	22
tobramycin	1066	0.67	1	0.6	0.2	NA	0.0215443469	1	0.94	0.56	0.89	0.9	2025-05-29	Aba	protein_all_binary	protein	drug	all_binary	skyblue	22
imipenem	93	0.63	1	0.6	0.2	NA	1.00E-04	0	0.75	0.51	0.66	0.66	2025-05-29	Esp.	protein_all_binary	protein	drug	all_binary	skyblue	22
gentamicin	167	0.47	1	0.6	0.2	NA	1.00E-04	0.2	0.88	1.06	0.89	0.89	2025-05-29	Esp.	protein_all_binary	protein	drug	all_binary	skyblue	22
meropenem	159	0.31	1	0.6	0.2	NA	1.00E-04	0	0.62	1.35	0.73	0.77	2025-05-29	Esp.	protein_all_binary	protein	drug	all_binary	skyblue	22
ciprofloxacin	119	0.61	1	0.6	0.2	NA	0.1	0.6	0.87	0.54	0.83	0.83	2025-05-29	Esp.	protein_all_binary	protein	drug	all_binary	skyblue	22
amikacin	188	0.09	1	0.6	0.2	NA	1.00E-04	0.4	0.67	2.83	0.75	0.84	2025-05-29	Esp.	protein_all_binary	protein	drug	all_binary	skyblue	22
cefotaxime	182	0.97	1	0.6	0.2	NA	1.00E-04	0	0.94	-0.03	0.49	0.48	2025-05-29	Esp.	protein_all_binary	protein	drug	all_binary	skyblue	22
levofloxacin	102	0.56	1	0.6	0.2	NA	1.00E-04	0.2	0.87	0.76	0.86	0.86	2025-05-29	Esp.	protein_all_binary	protein	drug	all_binary	skyblue	22
ceftazidime	113	0.94	1	0.6	0.2	NA	1.00E-04	0	0.98	0.09	0.5	NA	2025-05-29	Esp.	protein_all_binary	protein	drug	all_binary	skyblue	22
trimethoprim/sulfamethoxazole	92	0.53	1	0.6	0.2	NA	1.00E-04	0.2	0.95	0.89	0.94	0.95	2025-05-29	Esp.	protein_all_binary	protein	drug	all_binary	skyblue	22
cefepime	105	0.68	1	0.6	0.2	NA	1.00E-04	0.2	0.91	0.47	0.79	0.85	2025-05-29	Esp.	protein_all_binary	protein	drug	all_binary	skyblue	22
ertapenem	227	0.89	1	0.6	0.2	NA	1.00E-04	0	0.92	-0.07	0.5	NA	2025-05-29	Esp.	protein_all_binary	protein	drug	all_binary	skyblue	22
tigecycline	129	0.26	1	0.6	0.2	NA	1.00E-04	0.2	0.25	0.94	0.57	0.66	2025-05-29	Esp.	protein_all_binary	protein	drug	all_binary	skyblue	22
tobramycin	159	0.65	1	0.6	0.2	NA	0.1	0.4	0.98	0.62	0.95	0.97	2025-05-29	Esp.	protein_all_binary	protein	drug	all_binary	skyblue	22
tetracycline	65	0.37	1	0.6	0.2	NA	1.00E-04	0.6	0.29	0.57	0.54	0.56	2025-05-29	Esp.	protein_all_binary	protein	drug	all_binary	skyblue	22
piperacillin/tazobactam	190	0.93	1	0.6	0.2	NA	1.00E-04	0.2	0.97	0.09	0.5	NA	2025-05-29	Esp.	protein_all_binary	protein	drug	all_binary	skyblue	22
doripenem	43	0.49	1	0.6	0.2	NA	1.00E-04	0	0.57	0.76	0.7	0.75	2025-05-29	Esp.	protein_all_binary	protein	drug	all_binary	skyblue	22
chloramphenicol	15	0.47	1	0.6	0.2	NA	1.00E-04	0.2	NA	1.09	0.5	NA	2025-05-29	Esp.	protein_all_binary	protein	drug	all_binary	skyblue	22
carbapenem	65	0.49	1	0.6	0.2	NA	1.00E-04	0.2	1	1.03	1	1	2025-05-29	Esp.	protein_all_binary	protein	drug	all_binary	skyblue	22
beta-lactam	114	0.72	1	0.6	0.2	NA	1.00E-04	1	0.86	0.37	0.68	0.73	2025-05-29	Esp.	protein_all_binary	protein	drug	all_binary	skyblue	22
trimotheprim	112	0.29	1	0.6	0.2	NA	0.04641588834	0.8	0.92	1.79	0.93	0.95	2025-05-29	Esp.	protein_all_binary	protein	drug	all_binary	skyblue	22
fluoroquinolones	112	0.28	1	0.6	0.2	NA	1.00E-04	0	0.4	0.97	0.61	0.66	2025-05-29	Esp.	protein_all_binary	protein	drug	all_binary	skyblue	22
aminogycosides	112	0.24	1	0.6	0.2	NA	0.1	1	0.67	1.72	0.77	0.77	2025-05-29	Esp.	protein_all_binary	protein	drug	all_binary	skyblue	22
trimethoprim/sulfamethoxazole	92	0.53	1	0.6	0.2	NA	1.00E-04	0.2	0.95	0.89	0.94	0.95	2025-05-29	Esp.	protein_all_binary	protein	drug	all_binary	skyblue	22
vancomycin	896	0.61	1	0.6	0.2	NA	1.00E-04	0.2	1	0.71	0.99	0.99	2025-05-29	Efa	protein_all_binary	protein	drug	all_binary	skyblue	22
daptomycin	251	0.19	1	0.6	0.2	NA	1.00E-04	0	0.75	2.24	0.8	0.87	2025-05-29	Efa	protein_all_binary	protein	drug	all_binary	skyblue	22
linezolid	230	0.27	1	0.6	0.2	NA	1.00E-04	0.2	0.92	1.85	0.95	0.95	2025-05-29	Efa	protein_all_binary	protein	drug	all_binary	skyblue	22
streptomycin	169	0.49	1	0.6	0.2	NA	1.00E-04	0	1	1.03	1	1	2025-05-29	Efa	protein_all_binary	protein	drug	all_binary	skyblue	22
gentamicin	210	0.33	1	0.6	0.2	NA	1.00E-04	0	0.9	1.06	0.93	0.92	2025-05-29	Efa	protein_all_binary	protein	drug	all_binary	skyblue	22
teicoplanin	153	0.82	1	0.6	0.2	NA	1.00E-04	0	0.95	0.24	0.7	0.8	2025-05-29	Efa	protein_all_binary	protein	drug	all_binary	skyblue	22
chloramphenicol	37	0.81	1	0.6	0.2	NA	1.00E-04	0.2	1	0.3	1	1	2025-05-29	Efa	protein_all_binary	protein	drug	all_binary	skyblue	22
synercid	40	0.2	1	0.6	0.2	NA	1.00E-04	1	1	2.32	1	1	2025-05-29	Efa	protein_all_binary	protein	drug	all_binary	skyblue	22
nitrofurantoin	40	0.85	1	0.6	0.2	NA	1.00E-04	0	0.93	0.23	0.75	0.83	2025-05-29	Efa	protein_all_binary	protein	drug	all_binary	skyblue	22
tetracycline	12	0.5	1	0.6	0.2	NA	1.00E-04	0	0.67	1	0.75	0.79	2025-05-29	Efa	protein_all_binary	protein	drug	all_binary	skyblue	22
dalbavancin	44	0.77	1	0.6	0.2	NA	0.0215443469	0.4	1	0.38	1	1	2025-05-29	Efa	protein_all_binary	protein	drug	all_binary	skyblue	22
tedizolid	44	0.73	1	0.6	0.2	NA	1.00E-04	0.2	0.92	0.41	0.93	0.9	2025-05-29	Efa	protein_all_binary	protein	drug	all_binary	skyblue	22
cefotaxime	1461	0.72	1	0.6	0.2	NA	0.1	1	0.95	0.44	0.9	0.91	2025-05-29	Kpn	protein_all_binary	protein	drug	all_binary	skyblue	22
doripenem	233	0.89	1	0.6	0.2	NA	0.1	0.6	0.93	0.06	0.5	NA	2025-05-29	Kpn	protein_all_binary	protein	drug	all_binary	skyblue	22
ertapenem	1452	0.64	1	0.6	0.2	NA	1.00E-04	0.4	0.95	0.63	0.93	0.93	2025-05-29	Kpn	protein_all_binary	protein	drug	all_binary	skyblue	22
levofloxacin	2009	0.79	1	0.6	0.2	NA	1.00E-04	0.4	0.97	0.34	0.91	0.92	2025-05-29	Kpn	protein_all_binary	protein	drug	all_binary	skyblue	22
polymyxin B	233	0.21	1	0.6	0.2	NA	1.00E-04	0.2	0.84	2.19	0.89	0.9	2025-05-29	Kpn	protein_all_binary	protein	drug	all_binary	skyblue	22
ticarcillin/clavulanic acid	240	0.42	1	0.6	0.2	NA	1.00E-04	0.6	0.91	1.16	0.92	0.92	2025-05-29	Kpn	protein_all_binary	protein	drug	all_binary	skyblue	22
ceftazidime	829	0.46	1	0.6	0.2	NA	0.1	0.2	0.72	0.82	0.74	0.74	2025-05-29	Pae	protein_all_binary	protein	drug	all_binary	skyblue	22
ciprofloxacin	677	0.54	1	0.6	0.2	NA	0.0215443469	1	0.81	0.74	0.8	0.8	2025-05-29	Pae	protein_all_binary	protein	drug	all_binary	skyblue	22
imipenem	449	0.51	1	0.6	0.2	NA	0.1	0.6	0.86	0.8	0.84	0.85	2025-05-29	Pae	protein_all_binary	protein	drug	all_binary	skyblue	22
amikacin	694	0.18	1	0.6	0.2	NA	0.1	0.2	0.59	2.08	0.72	0.77	2025-05-29	Pae	protein_all_binary	protein	drug	all_binary	skyblue	22
levofloxacin	684	0.47	1	0.6	0.2	NA	0.1	0.2	0.77	0.84	0.8	0.8	2025-05-29	Pae	protein_all_binary	protein	drug	all_binary	skyblue	22
tobramycin	606	0.29	1	0.6	0.2	NA	0.0215443469	0.2	0.78	1.62	0.83	0.85	2025-05-29	Pae	protein_all_binary	protein	drug	all_binary	skyblue	22
piperacillin	143	0.17	1	0.6	0.2	NA	1.00E-04	0	0.29	1.27	0.58	0.62	2025-05-29	Pae	protein_all_binary	protein	drug	all_binary	skyblue	22
gentamicin	365	0.27	1	0.6	0.2	NA	0.1	0.2	0.75	1.83	0.8	0.86	2025-05-29	Pae	protein_all_binary	protein	drug	all_binary	skyblue	22
meropenem	835	0.55	1	0.6	0.2	NA	1.00E-04	0.4	0.76	0.64	0.74	0.74	2025-05-29	Pae	protein_all_binary	protein	drug	all_binary	skyblue	22
ceftazidime/avibactam	282	0.46	1	0.6	0.2	NA	0.04641588834	1	0.77	0.95	0.79	0.79	2025-05-29	Pae	protein_all_binary	protein	drug	all_binary	skyblue	22
cefepime	254	0.47	1	0.6	0.2	NA	1.00E-04	0.2	0.57	0.47	0.6	0.6	2025-05-29	Pae	protein_all_binary	protein	drug	all_binary	skyblue	22
aztreonam	217	0.49	1	0.6	0.2	NA	0.1	0.4	0.6	0.63	0.64	0.65	2025-05-29	Pae	protein_all_binary	protein	drug	all_binary	skyblue	22
ceftolozane/tazobactam	235	0.53	1	0.6	0.2	NA	0.0215443469	0.8	0.83	0.81	0.84	0.84	2025-05-29	Pae	protein_all_binary	protein	drug	all_binary	skyblue	22
doripenem	68	0.71	1	0.6	0.2	NA	1.00E-04	0	0.89	0.46	0.9	0.87	2025-05-29	Pae	protein_all_binary	protein	drug	all_binary	skyblue	22
piperacillin/tazobactam	214	0.39	1	0.6	0.2	NA	1.00E-04	0	0.59	1.07	0.7	0.73	2025-05-29	Pae	protein_all_binary	protein	drug	all_binary	skyblue	22
cefiderocol	200	0.03	1	0.6	0.2	NA	1.00E-04	1	NA	-1.58	0.5	NA	2025-05-29	Pae	protein_all_binary	protein	drug	all_binary	skyblue	22
penicillin	1359	0.88	1	0.6	0.2	NA	0.04641588834	0.2	0.99	0.18	0.94	0.94	2025-05-29	Sau	protein_all_binary	protein	drug	all_binary	skyblue	22
methicillin	1899	0.58	1	0.6	0.2	NA	1.00E-04	0.2	0.99	0.77	0.99	0.99	2025-05-29	Sau	protein_all_binary	protein	drug	all_binary	skyblue	22
gentamicin	2383	0.12	1	0.6	0.2	NA	1.00E-04	0.2	0.98	3.06	0.99	0.99	2025-05-29	Sau	protein_all_binary	protein	drug	all_binary	skyblue	22
rifampin	1991	0.02	1	0.6	0.2	NA	1.00E-04	0.2	0	-1	0.5	0.5	2025-05-29	Sau	protein_all_binary	protein	drug	all_binary	skyblue	22
tetracycline	1993	0.17	1	0.6	0.2	NA	1.00E-04	0.2	0.98	2.54	1	0.99	2025-05-29	Sau	protein_all_binary	protein	drug	all_binary	skyblue	22
erythromycin	2352	0.37	1	0.6	0.2	NA	0.01	0.6	0.97	1.41	0.98	0.98	2025-05-29	Sau	protein_all_binary	protein	drug	all_binary	skyblue	22
vancomycin	1344	0.03	1	0.6	0.2	NA	1.00E-04	0	1	5.06	1	1	2025-05-29	Sau	protein_all_binary	protein	drug	all_binary	skyblue	22
fusidic acid	1957	0.15	1	0.6	0.2	NA	0.0215443469	0.4	0.84	2.52	0.87	0.91	2025-05-29	Sau	protein_all_binary	protein	drug	all_binary	skyblue	22
ciprofloxacin	2210	0.46	1	0.6	0.2	NA	1.00E-04	0.2	0.91	1.06	0.92	0.92	2025-05-29	Sau	protein_all_binary	protein	drug	all_binary	skyblue	22
mupirocin	1292	0.03	1	0.6	0.2	NA	0.04641588834	1	0.95	4.98	1	0.97	2025-05-29	Sau	protein_all_binary	protein	drug	all_binary	skyblue	22
levofloxacin	281	0.1	1	0.6	0.2	NA	1.00E-04	0	0.57	3.32	0.7	0.81	2025-05-29	Sau	protein_all_binary	protein	drug	all_binary	skyblue	22
cefoxitin	1034	0.78	1	0.6	0.2	NA	1.00E-04	0.2	1	0.36	1	1	2025-05-29	Sau	protein_all_binary	protein	drug	all_binary	skyblue	22
clindamycin	1086	0.38	1	0.6	0.2	NA	1.00E-04	0.6	0.96	1.29	0.97	0.97	2025-05-29	Sau	protein_all_binary	protein	drug	all_binary	skyblue	22
trimethoprim/sulfamethoxazole	719	0.25	1	0.6	0.2	NA	0.0215443469	1	0.89	1.93	0.92	0.92	2025-05-29	Sau	protein_all_binary	protein	drug	all_binary	skyblue	22
oxacillin	610	0.24	1	0.6	0.2	NA	1.00E-04	0.2	0.96	2.04	0.97	0.97	2025-05-29	Sau	protein_all_binary	protein	drug	all_binary	skyblue	22
kanamycin	58	0.31	1	0.6	0.2	NA	1.00E-04	0	0.86	1.69	0.88	0.91	2025-05-29	Sau	protein_all_binary	protein	drug	all_binary	skyblue	22
chloramphenicol	784	0.04	1	0.6	0.2	NA	1.00E-04	0.2	0.86	4.64	0.88	0.93	2025-05-29	Sau	protein_all_binary	protein	drug	all_binary	skyblue	22
tobramycin	62	0.29	1	0.6	0.2	NA	1.00E-04	0	1	1.79	1	1	2025-05-29	Sau	protein_all_binary	protein	drug	all_binary	skyblue	22
tigecycline	21	0.48	1	0.6	0.2	NA	1.00E-04	0	1	1.06	1	1	2025-05-29	Sau	protein_all_binary	protein	drug	all_binary	skyblue	22
amoxicillin/clavulanic acid	18	0.5	1	0.6	0.2	NA	1.00E-04	0.4	0.67	1	0.75	0.79	2025-05-29	Sau	protein_all_binary	protein	drug	all_binary	skyblue	22
florfenicol	17	0.53	1	0.6	0.2	NA	1.00E-04	0	1	0.92	1	1	2025-05-29	Sau	protein_all_binary	protein	drug	all_binary	skyblue	22
tiamulin	17	0.59	1	0.6	0.2	NA	1.00E-04	0	1	0.76	1	1	2025-05-29	Sau	protein_all_binary	protein	drug	all_binary	skyblue	22
trimethoprim/sulfamethoxazole	719	0.25	1	0.6	0.2	NA	0.0215443469	1	0.89	1.93	0.92	0.92	2025-05-29	Sau	protein_all_binary	protein	drug	all_binary	skyblue	22
amikacin	670	0.66	1	0.6	0.2	NA	0.04641588834	0	0.86	0.48	0.76	0.78	2025-05-20	Aba	domain_acc_binary	domain	drug	acc_binary	#66a61e	24
ampicillin/sulbactam	464	0.56	1	0.6	0.2	NA	0.0215443469	0.6	0.9	0.78	0.88	0.88	2025-05-20	Aba	domain_acc_binary	domain	drug	acc_binary	#66a61e	24
cefepime	201	0.94	1	0.6	0.2	NA	1.00E-04	0	1	0.09	NA	NA	2025-05-20	Aba	domain_acc_binary	domain	drug	acc_binary	#66a61e	24
cefotaxime	398	0.97	1	0.6	0.2	NA	1.00E-04	0	0.99	0.04	0.5	NA	2025-05-20	Aba	domain_acc_binary	domain	drug	acc_binary	#66a61e	24
ceftazidime	642	0.88	1	0.6	0.2	NA	4.64E-04	0.6	0.94	0.17	0.71	0.72	2025-05-20	Aba	domain_acc_binary	domain	drug	acc_binary	#66a61e	24
ceftriaxone	522	0.95	1	0.6	0.2	NA	0.0215443469	0.2	0.98	0.06	0.78	0.87	2025-05-20	Aba	domain_acc_binary	domain	drug	acc_binary	#66a61e	24
ciprofloxacin	737	0.93	1	0.6	0.2	NA	0.001	0.8	0.98	0.1	0.77	0.86	2025-05-20	Aba	domain_acc_binary	domain	drug	acc_binary	#66a61e	24
doripenem	70	0.4	1	0.6	0.2	NA	1.00E-04	0.6	0.8	1.26	0.83	0.87	2025-05-20	Aba	domain_acc_binary	domain	drug	acc_binary	#66a61e	24
doxycycline	32	0.66	1	0.6	0.2	NA	1.00E-04	0.6	0.91	0.6	0.83	0.87	2025-05-20	Aba	domain_acc_binary	domain	drug	acc_binary	#66a61e	24
gentamicin	721	0.9	1	0.6	0.2	NA	0.00215443469	0.2	0.96	0.09	0.67	0.74	2025-05-20	Aba	domain_acc_binary	domain	drug	acc_binary	#66a61e	24
imipenem	666	0.55	1	0.6	0.2	NA	1.00E-04	0.2	0.89	0.76	0.87	0.87	2025-05-20	Aba	domain_acc_binary	domain	drug	acc_binary	#66a61e	24
levofloxacin	401	0.84	1	0.6	0.2	NA	1.00E-04	0	0.93	0.24	0.62	0.72	2025-05-20	Aba	domain_acc_binary	domain	drug	acc_binary	#66a61e	24
meropenem	318	0.76	1	0.6	0.2	NA	0.0215443469	0.2	0.92	0.31	0.78	0.81	2025-05-20	Aba	domain_acc_binary	domain	drug	acc_binary	#66a61e	24
minocycline	64	0.16	1	0.6	0.2	NA	1.00E-04	0.2	0.4	1.75	0.62	0.64	2025-05-20	Aba	domain_acc_binary	domain	drug	acc_binary	#66a61e	24
piperacillin/tazobactam	252	0.98	1	0.6	0.2	NA	1.00E-04	0	0.99	0.03	0.5	NA	2025-05-20	Aba	domain_acc_binary	domain	drug	acc_binary	#66a61e	24
tetracycline	472	0.8	1	0.6	0.2	NA	1.00E-04	0.6	0.95	0.28	0.83	0.86	2025-05-20	Aba	domain_acc_binary	domain	drug	acc_binary	#66a61e	24
tobramycin	537	0.72	1	0.6	0.2	NA	0.1	0.4	0.89	0.37	0.73	0.78	2025-05-20	Aba	domain_acc_binary	domain	drug	acc_binary	#66a61e	24
trimethoprim/sulfamethoxazole	497	0.88	1	0.6	0.2	NA	1.00E-04	0.2	0.96	0.16	0.72	0.76	2025-05-20	Aba	domain_acc_binary	domain	drug	acc_binary	#66a61e	24
aminoglycosides	750	0.93	1	0.6	0.2	NA	0.0215443469	1	0.97	0.09	0.59	0.71	2025-05-21	Aba	domain_acc_binary_class	domain	drug_class	acc_binary	#66a61e	24
carbapenems	717	0.58	1	0.6	0.2	NA	0.04641588834	0	0.92	0.76	0.91	0.91	2025-05-21	Aba	domain_acc_binary_class	domain	drug_class	acc_binary	#66a61e	24
cephalosporins	668	0.98	1	0.6	0.2	NA	0.1	0	0.99	0.03	0.5	NA	2025-05-21	Aba	domain_acc_binary_class	domain	drug_class	acc_binary	#66a61e	24
fluoroquinolones	739	0.93	1	0.6	0.2	NA	0.00215443469	0.2	0.97	0.08	0.67	0.73	2025-05-21	Aba	domain_acc_binary_class	domain	drug_class	acc_binary	#66a61e	24
penicillins/beta-lactamase-inhibitor	625	0.71	1	0.6	0.2	NA	0.01	0.8	0.91	0.46	0.83	0.84	2025-05-21	Aba	domain_acc_binary_class	domain	drug_class	acc_binary	#66a61e	24
tetracyclines	521	0.75	1	0.6	0.2	NA	0.04641588834	0.2	0.95	0.28	0.88	0.9	2025-05-21	Aba	domain_acc_binary_class	domain	drug_class	acc_binary	#66a61e	24
trimethoprim/sulfonamides	497	0.88	1	0.6	0.2	NA	0.004641588834	0.4	0.94	0.13	0.72	0.76	2025-05-21	Aba	domain_acc_binary_class	domain	drug_class	acc_binary	#66a61e	24
amikacin	670	0.66	1	0.6	0.2	NA	1.00E-04	0.4	0.91	0.51	0.85	0.86	2025-05-20	Aba	gene_acc_binary	gene	drug	acc_binary	#e6ab02	24
ampicillin/sulbactam	464	0.56	1	0.6	0.2	NA	0.0215443469	0.8	0.94	0.81	0.93	0.94	2025-05-20	Aba	gene_acc_binary	gene	drug	acc_binary	#e6ab02	24
cefepime	201	0.94	1	0.6	0.2	NA	1.00E-04	1	0.98	0.09	NA	NA	2025-05-20	Aba	gene_acc_binary	gene	drug	acc_binary	#e6ab02	24
cefotaxime	398	0.97	1	0.6	0.2	NA	1.00E-04	0	0.99	0.04	0.5	NA	2025-05-20	Aba	gene_acc_binary	gene	drug	acc_binary	#e6ab02	24
ceftazidime	642	0.88	1	0.6	0.2	NA	0.01	0.8	0.93	0.17	0.73	0.73	2025-05-20	Aba	gene_acc_binary	gene	drug	acc_binary	#e6ab02	24
ceftriaxone	522	0.95	1	0.6	0.2	NA	1.00E-04	0	0.96	0.06	0.61	0.68	2025-05-20	Aba	gene_acc_binary	gene	drug	acc_binary	#e6ab02	24
ciprofloxacin	737	0.93	1	0.6	0.2	NA	0.004641588834	0.4	0.98	0.1	0.77	0.86	2025-05-20	Aba	gene_acc_binary	gene	drug	acc_binary	#e6ab02	24
doripenem	70	0.4	1	0.6	0.2	NA	1.00E-04	0.2	0.8	1.28	0.83	0.87	2025-05-20	Aba	gene_acc_binary	gene	drug	acc_binary	#e6ab02	24
doxycycline	32	0.66	1	0.6	0.2	NA	0.1	0.2	0.67	0.38	0.63	0.63	2025-05-20	Aba	gene_acc_binary	gene	drug	acc_binary	#e6ab02	24
gentamicin	721	0.9	1	0.6	0.2	NA	1.00E-04	0.6	0.97	0.15	0.71	0.79	2025-05-20	Aba	gene_acc_binary	gene	drug	acc_binary	#e6ab02	24
imipenem	666	0.55	1	0.6	0.2	NA	0.1	0.2	0.92	0.82	0.91	0.91	2025-05-20	Aba	gene_acc_binary	gene	drug	acc_binary	#e6ab02	24
levofloxacin	401	0.84	1	0.6	0.2	NA	1.00E-04	0	0.97	0.25	0.91	0.91	2025-05-20	Aba	gene_acc_binary	gene	drug	acc_binary	#e6ab02	24
meropenem	318	0.76	1	0.6	0.2	NA	1.00E-04	0.4	0.89	0.28	0.77	0.77	2025-05-20	Aba	gene_acc_binary	gene	drug	acc_binary	#e6ab02	24
minocycline	64	0.16	1	0.6	0.2	NA	1.00E-04	0	NA	0.32	0.5	NA	2025-05-20	Aba	gene_acc_binary	gene	drug	acc_binary	#e6ab02	24
piperacillin/tazobactam	252	0.98	1	0.6	0.2	NA	1.00E-04	0	0.99	0.03	0.5	NA	2025-05-20	Aba	gene_acc_binary	gene	drug	acc_binary	#e6ab02	24
tetracycline	472	0.8	1	0.6	0.2	NA	1.00E-04	0.2	0.97	0.31	0.91	0.92	2025-05-20	Aba	gene_acc_binary	gene	drug	acc_binary	#e6ab02	24
tobramycin	537	0.72	1	0.6	0.2	NA	1.00E-04	0.4	0.9	0.43	0.81	0.82	2025-05-20	Aba	gene_acc_binary	gene	drug	acc_binary	#e6ab02	24
trimethoprim/sulfamethoxazole	497	0.88	1	0.6	0.2	NA	1.00E-04	1	0.96	0.17	0.8	0.8	2025-05-20	Aba	gene_acc_binary	gene	drug	acc_binary	#e6ab02	24
aminoglycosides	750	0.93	1	0.6	0.2	NA	0.01	1	0.99	0.09	0.91	0.95	2025-05-21	Aba	gene_acc_binary_class	gene	drug_class	acc_binary	#e6ab02	24
carbapenems	717	0.58	1	0.6	0.2	NA	1.00E-04	0	0.94	0.77	0.92	0.92	2025-05-21	Aba	gene_acc_binary_class	gene	drug_class	acc_binary	#e6ab02	24
cephalosporins	668	0.98	1	0.6	0.2	NA	1.00E-04	0	0.99	0.03	0.5	NA	2025-05-21	Aba	gene_acc_binary_class	gene	drug_class	acc_binary	#e6ab02	24
fluoroquinolones	739	0.93	1	0.6	0.2	NA	1.00E-04	0	0.97	0.09	0.63	0.71	2025-05-21	Aba	gene_acc_binary_class	gene	drug_class	acc_binary	#e6ab02	24
penicillins/beta-lactamase-inhibitor	625	0.71	1	0.6	0.2	NA	0.0215443469	0.2	0.92	0.45	0.86	0.86	2025-05-21	Aba	gene_acc_binary_class	gene	drug_class	acc_binary	#e6ab02	24
tetracyclines	521	0.75	1	0.6	0.2	NA	1.00E-04	0.2	0.94	0.33	0.86	0.87	2025-05-21	Aba	gene_acc_binary_class	gene	drug_class	acc_binary	#e6ab02	24
trimethoprim/sulfonamides	497	0.88	1	0.6	0.2	NA	1.00E-04	0.8	0.95	0.16	0.82	0.84	2025-05-21	Aba	gene_acc_binary_class	gene	drug_class	acc_binary	#e6ab02	24
chloramphenicol	37	0.81	1	0.6	0.2	NA	1.00E-04	0	1	0.3	NA	NA	2025-05-19	Efa	domain_acc_binary	domain	drug	acc_binary	#66a61e	24
dalbavancin	44	0.77	1	0.6	0.2	NA	1.00E-04	0.2	0.93	0.23	0.75	0.83	2025-05-19	Efa	domain_acc_binary	domain	drug	acc_binary	#66a61e	24
daptomycin	251	0.19	1	0.6	0.2	NA	0.04641588834	0.2	0.57	2.02	0.7	0.76	2025-05-19	Efa	domain_acc_binary	domain	drug	acc_binary	#66a61e	24
gentamicin	210	0.33	1	0.6	0.2	NA	1.00E-04	0	0.89	1.45	0.91	0.92	2025-05-19	Efa	domain_acc_binary	domain	drug	acc_binary	#66a61e	24
linezolid	230	0.27	1	0.6	0.2	NA	1.00E-04	0.2	0.87	1.81	0.94	0.91	2025-05-19	Efa	domain_acc_binary	domain	drug	acc_binary	#66a61e	24
nitrofurantoin	40	0.85	1	0.6	0.2	NA	1.00E-04	0.2	0.94	0.23	0.5	NA	2025-05-19	Efa	domain_acc_binary	domain	drug	acc_binary	#66a61e	24
streptomycin	169	0.49	1	0.6	0.2	NA	1.00E-04	0	0.97	1.03	0.97	0.97	2025-05-19	Efa	domain_acc_binary	domain	drug	acc_binary	#66a61e	24
synercid	40	0.2	1	0.6	0.2	NA	1.00E-04	0.4	NA	2.32	0.5	NA	2025-05-19	Efa	domain_acc_binary	domain	drug	acc_binary	#66a61e	24
tedizolid	44	0.73	1	0.6	0.2	NA	0.1	0.6	0.92	0.41	0.93	0.9	2025-05-19	Efa	domain_acc_binary	domain	drug	acc_binary	#66a61e	24
teicoplanin	153	0.82	1	0.6	0.2	NA	1.00E-04	0.2	1	0.29	1	1	2025-05-19	Efa	domain_acc_binary	domain	drug	acc_binary	#66a61e	24
tetracycline	12	0.5	1	0.6	0.2	NA	1.00E-04	0	0.67	1	0.5	NA	2025-05-19	Efa	domain_acc_binary	domain	drug	acc_binary	#66a61e	24
vancomycin	896	0.61	1	0.6	0.2	NA	0.01	0.4	0.92	0.67	0.9	0.9	2025-05-19	Efa	domain_acc_binary	domain	drug	acc_binary	#66a61e	24
aminoglycosides	210	0.71	1	0.6	0.2	NA	1.00E-04	0.4	0.97	0.49	0.92	0.94	2025-05-19	Efa	domain_acc_binary_class	domain	drug_class	acc_binary	#66a61e	24
amphenicols	37	0.81	1	0.6	0.2	NA	1.00E-04	0	1	0.3	NA	NA	2025-05-19	Efa	domain_acc_binary_class	domain	drug_class	acc_binary	#66a61e	24
glycopeptides	896	0.61	1	0.6	0.2	NA	0.004641588834	0.4	0.89	0.64	0.86	0.86	2025-05-19	Efa	domain_acc_binary_class	domain	drug_class	acc_binary	#66a61e	24
lipopeptides	251	0.19	1	0.6	0.2	NA	0.04641588834	0.2	0.57	2.02	0.7	0.76	2025-05-19	Efa	domain_acc_binary_class	domain	drug_class	acc_binary	#66a61e	24
macrolides	41	0.22	1	0.6	0.2	NA	1.00E-04	0.2	1	2.18	1	1	2025-05-19	Efa	domain_acc_binary_class	domain	drug_class	acc_binary	#66a61e	24
nitrofuran-derivatives	40	0.85	1	0.6	0.2	NA	1.00E-04	0.2	0.94	0.23	0.5	NA	2025-05-19	Efa	domain_acc_binary_class	domain	drug_class	acc_binary	#66a61e	24
oxazolidinones	230	0.27	1	0.6	0.2	NA	1.00E-04	0	0.87	1.86	0.88	0.92	2025-05-19	Efa	domain_acc_binary_class	domain	drug_class	acc_binary	#66a61e	24
tetracyclines	204	0.21	1	0.6	0.2	NA	1.00E-04	0.2	0.89	2.25	0.97	0.93	2025-05-19	Efa	domain_acc_binary_class	domain	drug_class	acc_binary	#66a61e	24
chloramphenicol	37	0.81	1	0.6	0.2	NA	1.00E-04	0	1	0.3	NA	NA	2025-05-19	Efa	gene_acc_binary	gene	drug	acc_binary	#e6ab02	24
dalbavancin	44	0.77	1	0.6	0.2	NA	1.00E-04	0.2	0.83	0.32	0.86	0.8	2025-05-19	Efa	gene_acc_binary	gene	drug	acc_binary	#e6ab02	24
daptomycin	251	0.19	1	0.6	0.2	NA	1.00E-04	0	0.6	2.23	0.71	0.8	2025-05-19	Efa	gene_acc_binary	gene	drug	acc_binary	#e6ab02	24
gentamicin	210	0.33	1	0.6	0.2	NA	1.00E-04	0	0.93	1.56	0.95	0.95	2025-05-19	Efa	gene_acc_binary	gene	drug	acc_binary	#e6ab02	24
linezolid	230	0.27	1	0.6	0.2	NA	1.00E-04	0	0.93	1.89	0.97	0.95	2025-05-19	Efa	gene_acc_binary	gene	drug	acc_binary	#e6ab02	24
nitrofurantoin	40	0.85	1	0.6	0.2	NA	1.00E-04	0	0.94	0.23	0.5	NA	2025-05-19	Efa	gene_acc_binary	gene	drug	acc_binary	#e6ab02	24
streptomycin	169	0.49	1	0.6	0.2	NA	0.1	0.4	1	1.03	1	1	2025-05-19	Efa	gene_acc_binary	gene	drug	acc_binary	#e6ab02	24
synercid	40	0.2	1	0.6	0.2	NA	1.00E-04	0	NA	1.98	0.5	NA	2025-05-19	Efa	gene_acc_binary	gene	drug	acc_binary	#e6ab02	24
tedizolid	44	0.73	1	0.6	0.2	NA	1.00E-04	0	0.92	0.42	0.93	0.9	2025-05-19	Efa	gene_acc_binary	gene	drug	acc_binary	#e6ab02	24
teicoplanin	153	0.82	1	0.6	0.2	NA	1.00E-04	0.2	1	0.29	1	1	2025-05-19	Efa	gene_acc_binary	gene	drug	acc_binary	#e6ab02	24
tetracycline	12	0.5	1	0.6	0.2	NA	1.00E-04	0	0.67	1	0.5	NA	2025-05-19	Efa	gene_acc_binary	gene	drug	acc_binary	#e6ab02	24
vancomycin	896	0.61	1	0.6	0.2	NA	1.00E-04	0.2	1	0.71	1	1	2025-05-19	Efa	gene_acc_binary	gene	drug	acc_binary	#e6ab02	24
aminoglycosides	210	0.71	1	0.6	0.2	NA	1.00E-04	0	1	0.49	1	1	2025-05-19	Efa	gene_acc_binary_class	gene	drug_class	acc_binary	#e6ab02	24
amphenicols	37	0.81	1	0.6	0.2	NA	1.00E-04	0	1	0.3	NA	NA	2025-05-19	Efa	gene_acc_binary_class	gene	drug_class	acc_binary	#e6ab02	24
glycopeptides	896	0.61	1	0.6	0.2	NA	1.00E-04	0.2	0.99	0.7	0.98	0.98	2025-05-19	Efa	gene_acc_binary_class	gene	drug_class	acc_binary	#e6ab02	24
lipopeptides	251	0.19	1	0.6	0.2	NA	1.00E-04	0	0.6	2.23	0.71	0.8	2025-05-19	Efa	gene_acc_binary_class	gene	drug_class	acc_binary	#e6ab02	24
macrolides	41	0.22	1	0.6	0.2	NA	1.00E-04	0	NA	2.18	0.5	NA	2025-05-19	Efa	gene_acc_binary_class	gene	drug_class	acc_binary	#e6ab02	24
nitrofuran-derivatives	40	0.85	1	0.6	0.2	NA	1.00E-04	0	0.94	0.23	0.5	NA	2025-05-19	Efa	gene_acc_binary_class	gene	drug_class	acc_binary	#e6ab02	24
oxazolidinones	230	0.27	1	0.6	0.2	NA	1.00E-04	0	0.96	1.89	0.99	0.97	2025-05-19	Efa	gene_acc_binary_class	gene	drug_class	acc_binary	#e6ab02	24
tetracyclines	204	0.21	1	0.6	0.2	NA	1.00E-04	0	0.84	2.25	0.96	0.91	2025-05-19	Efa	gene_acc_binary_class	gene	drug_class	acc_binary	#e6ab02	24
amikacin	184	0.09	1	0.6	0.2	NA	0.0215443469	1	0.67	2.98	0.82	0.82	2025-05-19	Esp.	domain_acc_binary	domain	drug	acc_binary	#66a61e	24
aminogycosides	112	0.24	1	0.6	0.2	NA	1.00E-04	0	0.44	1.6	0.64	0.68	2025-05-19	Esp.	domain_acc_binary	domain	drug	acc_binary	#66a61e	24
beta-lactam	114	0.72	1	0.6	0.2	NA	1.00E-04	0	0.85	0.31	0.57	0.66	2025-05-19	Esp.	domain_acc_binary	domain	drug	acc_binary	#66a61e	24
carbapenem	65	0.49	1	0.6	0.2	NA	1.00E-04	0.2	0.93	1.03	0.93	0.93	2025-05-19	Esp.	domain_acc_binary	domain	drug	acc_binary	#66a61e	24
cefepime	103	0.67	1	0.6	0.2	NA	1.00E-04	0	0.87	0.53	0.75	0.78	2025-05-19	Esp.	domain_acc_binary	domain	drug	acc_binary	#66a61e	24
chloramphenicol	15	0.47	1	0.6	0.2	NA	1.00E-04	0.4	1	1.09	1	1	2025-05-19	Esp.	domain_acc_binary	domain	drug	acc_binary	#66a61e	24
ciprofloxacin	115	0.62	1	0.6	0.2	NA	0.04641588834	0.4	0.8	0.55	0.73	0.73	2025-05-19	Esp.	domain_acc_binary	domain	drug	acc_binary	#66a61e	24
doripenem	43	0.49	1	0.6	0.2	NA	1.00E-04	0	0.75	0.94	0.8	0.83	2025-05-19	Esp.	domain_acc_binary	domain	drug	acc_binary	#66a61e	24
ertapenem	223	0.89	1	0.6	0.2	NA	0.00215443469	1	0.95	0.09	0.48	0.48	2025-05-19	Esp.	domain_acc_binary	domain	drug	acc_binary	#66a61e	24
fluoroquinolones	112	0.28	1	0.6	0.2	NA	1.00E-04	0.2	0.18	-0.11	0.48	0.48	2025-05-19	Esp.	domain_acc_binary	domain	drug	acc_binary	#66a61e	24
gentamicin	164	0.48	1	0.6	0.2	NA	1.00E-04	0.2	0.93	1.03	0.94	0.94	2025-05-19	Esp.	domain_acc_binary	domain	drug	acc_binary	#66a61e	24
imipenem	90	0.66	1	0.6	0.2	NA	0.0215443469	0.4	0.83	0.56	0.64	0.72	2025-05-19	Esp.	domain_acc_binary	domain	drug	acc_binary	#66a61e	24
levofloxacin	99	0.57	1	0.6	0.2	NA	1.00E-04	0	0.96	0.77	0.96	0.95	2025-05-19	Esp.	domain_acc_binary	domain	drug	acc_binary	#66a61e	24
meropenem	154	0.31	1	0.6	0.2	NA	1.00E-04	0.6	0.38	0.83	0.54	0.54	2025-05-19	Esp.	domain_acc_binary	domain	drug	acc_binary	#66a61e	24
piperacillin/tazobactam	190	0.93	1	0.6	0.2	NA	1.00E-04	0.2	0.96	0.08	0.49	0.48	2025-05-19	Esp.	domain_acc_binary	domain	drug	acc_binary	#66a61e	24
tetracycline	65	0.37	1	0.6	0.2	NA	0.004641588834	1	0.62	1.2	0.68	0.67	2025-05-19	Esp.	domain_acc_binary	domain	drug	acc_binary	#66a61e	24
tigecycline	128	0.27	1	0.6	0.2	NA	0.01	1	0.2	0.05	0.52	0.53	2025-05-19	Esp.	domain_acc_binary	domain	drug	acc_binary	#66a61e	24
tobramycin	158	0.66	1	0.6	0.2	NA	1.00E-04	0.2	0.72	0.46	0.65	0.65	2025-05-19	Esp.	domain_acc_binary	domain	drug	acc_binary	#66a61e	24
trimethoprim/sulfamethoxazole	89	0.53	1	0.6	0.2	NA	1.00E-04	0	0.86	0.89	0.84	0.84	2025-05-19	Esp.	domain_acc_binary	domain	drug	acc_binary	#66a61e	24
trimotheprim	112	0.29	1	0.6	0.2	NA	1.00E-04	1	0.5	1.1	0.65	0.67	2025-05-19	Esp.	domain_acc_binary	domain	drug	acc_binary	#66a61e	24
aminoglycosides	211	0.62	1	0.6	0.2	NA	0.04641588834	0.8	0.8	0.29	0.67	0.7	2025-05-20	Esp.	domain_acc_binary_class	domain	drug_class	acc_binary	#66a61e	24
amphenicols	15	0.47	1	0.6	0.2	NA	1.00E-04	0	0.8	0.75	0.75	0.79	2025-05-20	Esp.	domain_acc_binary_class	domain	drug_class	acc_binary	#66a61e	24
carbapenems	257	0.83	1	0.6	0.2	NA	0.1	0.8	0.87	0	0.5	NA	2025-05-20	Esp.	domain_acc_binary_class	domain	drug_class	acc_binary	#66a61e	24
fluoroquinolones	117	0.62	1	0.6	0.2	NA	0.1	1	0.86	0.65	0.72	0.79	2025-05-20	Esp.	domain_acc_binary_class	domain	drug_class	acc_binary	#66a61e	24
tetracyclines	163	0.35	1	0.6	0.2	NA	1.00E-04	0.6	0.12	-0.04	0.45	0.43	2025-05-20	Esp.	domain_acc_binary_class	domain	drug_class	acc_binary	#66a61e	24
trimethoprim/sulfonamides	89	0.53	1	0.6	0.2	NA	1.00E-04	0	0.86	0.73	0.84	0.84	2025-05-20	Esp.	domain_acc_binary_class	domain	drug_class	acc_binary	#66a61e	24
amikacin	184	0.09	1	0.6	0.2	NA	1.00E-04	0.4	0.57	2.64	0.8	0.77	2025-05-19	Esp.	gene_acc_binary	gene	drug	acc_binary	#e6ab02	24
aminogycosides	112	0.24	1	0.6	0.2	NA	1.00E-04	0	0.67	1.7	0.75	0.83	2025-05-19	Esp.	gene_acc_binary	gene	drug	acc_binary	#e6ab02	24
beta-lactam	114	0.72	1	0.6	0.2	NA	1.00E-04	0	0.89	0.38	0.71	0.79	2025-05-19	Esp.	gene_acc_binary	gene	drug	acc_binary	#e6ab02	24
carbapenem	65	0.49	1	0.6	0.2	NA	1.00E-04	0.2	1	1.03	1	1	2025-05-19	Esp.	gene_acc_binary	gene	drug	acc_binary	#e6ab02	24
cefepime	103	0.67	1	0.6	0.2	NA	0.1	0.6	0.93	0.53	0.89	0.89	2025-05-19	Esp.	gene_acc_binary	gene	drug	acc_binary	#e6ab02	24
chloramphenicol	15	0.47	1	0.6	0.2	NA	1.00E-04	1	0.67	0.9	0.75	0.79	2025-05-19	Esp.	gene_acc_binary	gene	drug	acc_binary	#e6ab02	24
ciprofloxacin	115	0.62	1	0.6	0.2	NA	0.1	0.2	0.9	0.62	0.88	0.87	2025-05-19	Esp.	gene_acc_binary	gene	drug	acc_binary	#e6ab02	24
doripenem	43	0.49	1	0.6	0.2	NA	0.1	0.6	0.75	1.03	0.8	0.83	2025-05-19	Esp.	gene_acc_binary	gene	drug	acc_binary	#e6ab02	24
ertapenem	223	0.89	1	0.6	0.2	NA	1.00E-04	0	0.97	0.03	0.49	0.48	2025-05-19	Esp.	gene_acc_binary	gene	drug	acc_binary	#e6ab02	24
fluoroquinolones	112	0.28	1	0.6	0.2	NA	1.00E-04	0	0.22	-0.11	0.54	0.57	2025-05-19	Esp.	gene_acc_binary	gene	drug	acc_binary	#e6ab02	24
gentamicin	164	0.48	1	0.6	0.2	NA	0.1	0.8	0.9	1	0.91	0.92	2025-05-19	Esp.	gene_acc_binary	gene	drug	acc_binary	#e6ab02	24
imipenem	90	0.66	1	0.6	0.2	NA	0.04641588834	0.4	0.74	0.48	0.56	0.57	2025-05-19	Esp.	gene_acc_binary	gene	drug	acc_binary	#e6ab02	24
levofloxacin	99	0.57	1	0.6	0.2	NA	1.00E-04	0.2	0.83	0.71	0.81	0.81	2025-05-19	Esp.	gene_acc_binary	gene	drug	acc_binary	#e6ab02	24
meropenem	154	0.31	1	0.6	0.2	NA	0.1	0.8	0.57	1.24	0.7	0.78	2025-05-19	Esp.	gene_acc_binary	gene	drug	acc_binary	#e6ab02	24
piperacillin/tazobactam	190	0.93	1	0.6	0.2	NA	1.00E-04	0	0.97	0.08	0.5	NA	2025-05-19	Esp.	gene_acc_binary	gene	drug	acc_binary	#e6ab02	24
tetracycline	65	0.37	1	0.6	0.2	NA	1.00E-04	0.8	0.73	1.11	0.79	0.78	2025-05-19	Esp.	gene_acc_binary	gene	drug	acc_binary	#e6ab02	24
tigecycline	128	0.27	1	0.6	0.2	NA	0.01	0.6	0.48	0.64	0.62	0.61	2025-05-19	Esp.	gene_acc_binary	gene	drug	acc_binary	#e6ab02	24
tobramycin	158	0.66	1	0.6	0.2	NA	1.00E-04	0.2	0.78	0.49	0.79	0.77	2025-05-19	Esp.	gene_acc_binary	gene	drug	acc_binary	#e6ab02	24
trimethoprim/sulfamethoxazole	89	0.53	1	0.6	0.2	NA	0.0215443469	0.4	1	0.92	1	1	2025-05-19	Esp.	gene_acc_binary	gene	drug	acc_binary	#e6ab02	24
trimotheprim	112	0.29	1	0.6	0.2	NA	1.00E-04	0	0.6	1.27	0.71	0.79	2025-05-19	Esp.	gene_acc_binary	gene	drug	acc_binary	#e6ab02	24
aminoglycosides	211	0.62	1	0.6	0.2	NA	0.0215443469	0.2	0.88	0.65	0.8	0.83	2025-05-20	Esp.	gene_acc_binary_class	gene	drug_class	acc_binary	#e6ab02	24
amphenicols	15	0.47	1	0.6	0.2	NA	1.00E-04	0	0.5	0.75	0.5	0.5	2025-05-20	Esp.	gene_acc_binary_class	gene	drug_class	acc_binary	#e6ab02	24
carbapenems	257	0.83	1	0.6	0.2	NA	0.1	1	0.87	0.07	0.5	NA	2025-05-20	Esp.	gene_acc_binary_class	gene	drug_class	acc_binary	#e6ab02	24
fluoroquinolones	117	0.62	1	0.6	0.2	NA	1.00E-04	0	0.91	0.62	0.83	0.87	2025-05-20	Esp.	gene_acc_binary_class	gene	drug_class	acc_binary	#e6ab02	24
tetracyclines	163	0.35	1	0.6	0.2	NA	0.04641588834	1	0.2	-0.13	0.45	0.44	2025-05-20	Esp.	gene_acc_binary_class	gene	drug_class	acc_binary	#e6ab02	24
trimethoprim/sulfonamides	89	0.53	1	0.6	0.2	NA	0.04641588834	1	0.86	0.89	0.84	0.84	2025-05-20	Esp.	gene_acc_binary_class	gene	drug_class	acc_binary	#e6ab02	24
amikacin	2664	0.16	1	0.6	0.2	NA	0.004641588834	0.6	0.77	2.29	0.85	0.86	2025-05-24	Kpn	domain_acc_binary	domain	drug	acc_binary	#66a61e	24
aminogycosides	127	0.61	1	0.6	0.2	NA	1.00E-04	0	0.83	0.67	0.72	0.75	2025-05-24	Kpn	domain_acc_binary	domain	drug	acc_binary	#66a61e	24
amoxicillin/clavulanic acid	864	0.79	1	0.6	0.2	NA	0.1	0.2	0.92	0.31	0.74	0.79	2025-05-24	Kpn	domain_acc_binary	domain	drug	acc_binary	#66a61e	24
ampicillin/sulbactam	1897	0.87	1	0.6	0.2	NA	0.004641588834	0.2	0.94	0.17	0.73	0.77	2025-05-24	Kpn	domain_acc_binary	domain	drug	acc_binary	#66a61e	24
aztreonam	2289	0.82	1	0.6	0.2	NA	0.01	0.2	0.91	0.2	0.73	0.76	2025-05-24	Kpn	domain_acc_binary	domain	drug	acc_binary	#66a61e	24
beta-lactam	127	0.66	1	0.6	0.2	NA	1.00E-04	0.6	0.84	0.53	0.83	0.81	2025-05-24	Kpn	domain_acc_binary	domain	drug	acc_binary	#66a61e	24
carbenicillin	89	0.94	1	0.6	0.2	NA	1.00E-04	0	0.94	0.07	0.5	NA	2025-05-24	Kpn	domain_acc_binary	domain	drug	acc_binary	#66a61e	24
cefazolin	2370	0.82	1	0.6	0.2	NA	0.004641588834	0.8	0.94	0.27	0.8	0.82	2025-05-24	Kpn	domain_acc_binary	domain	drug	acc_binary	#66a61e	24
cefepime	2264	0.63	1	0.6	0.2	NA	0.1	0.2	0.82	0.51	0.68	0.72	2025-05-24	Kpn	domain_acc_binary	domain	drug	acc_binary	#66a61e	24
cefotaxime	1422	0.71	1	0.6	0.2	NA	0.0215443469	0.2	0.93	0.45	0.86	0.87	2025-05-24	Kpn	domain_acc_binary	domain	drug	acc_binary	#66a61e	24
cefotetan	144	0.27	1	0.6	0.2	NA	1.00E-04	0.2	0.78	1.64	0.87	0.84	2025-05-24	Kpn	domain_acc_binary	domain	drug	acc_binary	#66a61e	24
cefoxitin	2253	0.54	1	0.6	0.2	NA	1.00E-04	0	0.8	0.7	0.78	0.78	2025-05-24	Kpn	domain_acc_binary	domain	drug	acc_binary	#66a61e	24
cefpodoxime	294	0.74	1	0.6	0.2	NA	0.04641588834	0.2	0.84	0.23	0.7	0.7	2025-05-24	Kpn	domain_acc_binary	domain	drug	acc_binary	#66a61e	24
cefpodoxime_clavulanic_acid	188	0.87	1	0.6	0.2	NA	0.04641588834	0.8	0.91	0.16	0.64	0.66	2025-05-24	Kpn	domain_acc_binary	domain	drug	acc_binary	#66a61e	24
ceftazidime	3281	0.72	1	0.6	0.2	NA	0.001	1	0.92	0.43	0.84	0.85	2025-05-24	Kpn	domain_acc_binary	domain	drug	acc_binary	#66a61e	24
ceftazidime/avibactam	327	0.25	1	0.6	0.2	NA	1.00E-04	1	0.83	1.86	0.85	0.9	2025-05-24	Kpn	domain_acc_binary	domain	drug	acc_binary	#66a61e	24
ceftolozane/tazobactam	147	0.62	1	0.6	0.2	NA	1.00E-04	0	0.85	0.65	0.78	0.79	2025-05-24	Kpn	domain_acc_binary	domain	drug	acc_binary	#66a61e	24
ceftriaxone	2340	0.82	1	0.6	0.2	NA	0.004641588834	0.4	0.93	0.27	0.79	0.81	2025-05-24	Kpn	domain_acc_binary	domain	drug	acc_binary	#66a61e	24
ceftriaxone/cefpodoxime	53	0.51	1	0.6	0.2	NA	0.0215443469	0.4	0.62	0.75	0.58	0.58	2025-05-24	Kpn	domain_acc_binary	domain	drug	acc_binary	#66a61e	24
cefuroxime	1668	0.93	1	0.6	0.2	NA	0.04641588834	0	0.98	0.1	0.66	0.73	2025-05-24	Kpn	domain_acc_binary	domain	drug	acc_binary	#66a61e	24
cephalothin	168	0.79	1	0.6	0.2	NA	1.00E-04	0.8	0.89	0.28	0.67	0.72	2025-05-24	Kpn	domain_acc_binary	domain	drug	acc_binary	#66a61e	24
chloramphenicol	329	0.69	1	0.6	0.2	NA	0.04641588834	0.4	0.82	0.42	0.69	0.69	2025-05-24	Kpn	domain_acc_binary	domain	drug	acc_binary	#66a61e	24
ciprofloxacin	3558	0.68	1	0.6	0.2	NA	0.04641588834	0	0.92	0.53	0.9	0.89	2025-05-24	Kpn	domain_acc_binary	domain	drug	acc_binary	#66a61e	24
colistin	1266	0.23	1	0.6	0.2	NA	0.00215443469	0.2	0.51	1.03	0.7	0.69	2025-05-24	Kpn	domain_acc_binary	domain	drug	acc_binary	#66a61e	24
doripenem	233	0.89	1	0.6	0.2	NA	0.1	0.8	0.92	0.05	0.5	NA	2025-05-24	Kpn	domain_acc_binary	domain	drug	acc_binary	#66a61e	24
doxycycline	141	0.32	1	0.6	0.2	NA	0.1	0.4	0.63	1.32	0.73	0.75	2025-05-24	Kpn	domain_acc_binary	domain	drug	acc_binary	#66a61e	24
ertapenem	1382	0.65	1	0.6	0.2	NA	0.0215443469	1	0.9	0.56	0.86	0.86	2025-05-24	Kpn	domain_acc_binary	domain	drug	acc_binary	#66a61e	24
extended spectrum beta lactamase	403	0.42	1	0.6	0.2	NA	1.00E-04	0.4	0.8	1.02	0.83	0.82	2025-05-24	Kpn	domain_acc_binary	domain	drug	acc_binary	#66a61e	24
fluoroquinolones	127	0.57	1	0.6	0.2	NA	0.04641588834	0.6	0.78	0.19	0.65	0.69	2025-05-24	Kpn	domain_acc_binary	domain	drug	acc_binary	#66a61e	24
fosfomycin	270	0.26	1	0.6	0.2	NA	0.0215443469	0.2	0.57	1.37	0.7	0.79	2025-05-24	Kpn	domain_acc_binary	domain	drug	acc_binary	#66a61e	24
gentamicin	3662	0.38	1	0.6	0.2	NA	0.004641588834	0.6	0.78	1.13	0.82	0.82	2025-05-24	Kpn	domain_acc_binary	domain	drug	acc_binary	#66a61e	24
imipenem	2199	0.46	1	0.6	0.2	NA	0.004641588834	1	0.81	0.97	0.83	0.83	2025-05-24	Kpn	domain_acc_binary	domain	drug	acc_binary	#66a61e	24
kanamycin	82	0.93	1	0.6	0.2	NA	1.00E-04	0	1	0.1	NA	NA	2025-05-24	Kpn	domain_acc_binary	domain	drug	acc_binary	#66a61e	24
levofloxacin	2009	0.79	1	0.6	0.2	NA	0.004641588834	0.8	0.95	0.33	0.89	0.89	2025-05-24	Kpn	domain_acc_binary	domain	drug	acc_binary	#66a61e	24
meropenem	3520	0.33	1	0.6	0.2	NA	0.004641588834	0.4	0.79	1.4	0.84	0.85	2025-05-24	Kpn	domain_acc_binary	domain	drug	acc_binary	#66a61e	24
minocycline	87	0.22	1	0.6	0.2	NA	0.0215443469	0.2	0.8	2.06	0.86	0.86	2025-05-24	Kpn	domain_acc_binary	domain	drug	acc_binary	#66a61e	24
moxifloxacin	92	0.42	1	0.6	0.2	NA	1.00E-04	0	0.2	0.7	0.52	0.53	2025-05-24	Kpn	domain_acc_binary	domain	drug	acc_binary	#66a61e	24
nalidixic acid	157	0.64	1	0.6	0.2	NA	1.00E-04	0	0.87	0.61	0.75	0.81	2025-05-24	Kpn	domain_acc_binary	domain	drug	acc_binary	#66a61e	24
nitrofurantoin	1123	0.82	1	0.6	0.2	NA	0.00215443469	1	0.9	0.2	0.72	0.74	2025-05-24	Kpn	domain_acc_binary	domain	drug	acc_binary	#66a61e	24
norfloxacin	186	0.15	1	0.6	0.2	NA	0.0215443469	0.2	0.75	2.47	0.8	0.88	2025-05-24	Kpn	domain_acc_binary	domain	drug	acc_binary	#66a61e	24
piperacillin/tazobactam	2505	0.68	1	0.6	0.2	NA	0.04641588834	0	0.87	0.47	0.79	0.79	2025-05-24	Kpn	domain_acc_binary	domain	drug	acc_binary	#66a61e	24
polymyxin B	233	0.21	1	0.6	0.2	NA	1.00E-04	0.2	0.76	2.02	0.82	0.85	2025-05-24	Kpn	domain_acc_binary	domain	drug	acc_binary	#66a61e	24
streptomycin	74	0.69	1	0.6	0.2	NA	1.00E-04	1	0.9	0.45	0.91	0.88	2025-05-24	Kpn	domain_acc_binary	domain	drug	acc_binary	#66a61e	24
tetracycline	1705	0.53	1	0.6	0.2	NA	0.1	0.2	0.76	0.58	0.72	0.72	2025-05-24	Kpn	domain_acc_binary	domain	drug	acc_binary	#66a61e	24
ticarcillin/clavulanic acid	239	0.42	1	0.6	0.2	NA	1.00E-04	0	0.98	1.24	0.98	0.98	2025-05-24	Kpn	domain_acc_binary	domain	drug	acc_binary	#66a61e	24
tigecycline	1114	0.23	1	0.6	0.2	NA	0.0215443469	0	0.61	1.26	0.73	0.74	2025-05-24	Kpn	domain_acc_binary	domain	drug	acc_binary	#66a61e	24
tobramycin	2179	0.58	1	0.6	0.2	NA	1.00E-04	0	0.85	0.62	0.81	0.81	2025-05-24	Kpn	domain_acc_binary	domain	drug	acc_binary	#66a61e	24
trimethoprim	251	0.44	1	0.6	0.2	NA	0.1	0.8	0.65	0.95	0.7	0.7	2025-05-24	Kpn	domain_acc_binary	domain	drug	acc_binary	#66a61e	24
trimethoprim/sulfamethoxazole	3317	0.67	1	0.6	0.2	NA	0.004641588834	0.8	0.87	0.41	0.76	0.78	2025-05-24	Kpn	domain_acc_binary	domain	drug	acc_binary	#66a61e	24
trimethoprim/sulfobactam	225	0.33	1	0.6	0.2	NA	1.00E-04	1	0.52	0.74	0.65	0.66	2025-05-24	Kpn	domain_acc_binary	domain	drug	acc_binary	#66a61e	24
trimotheprim	127	0.72	1	0.6	0.2	NA	0.01	0.8	0.78	0.06	0.49	0.49	2025-05-24	Kpn	domain_acc_binary	domain	drug	acc_binary	#66a61e	24
aminoglycosides	3860	0.56	1	0.6	0.2	NA	0.004641588834	1	0.82	0.65	0.81	0.8	2025-05-23	Kpn	domain_acc_binary_class	domain	drug_class	acc_binary	#66a61e	24
amphenicols	342	0.7	1	0.6	0.2	NA	0.04641588834	1	0.89	0.47	0.78	0.8	2025-05-23	Kpn	domain_acc_binary_class	domain	drug_class	acc_binary	#66a61e	24
carbapenems	3816	0.39	1	0.6	0.2	NA	0.0215443469	0.2	0.81	1.21	0.84	0.85	2025-05-23	Kpn	domain_acc_binary_class	domain	drug_class	acc_binary	#66a61e	24
cephalosporins	2914	0.83	1	0.6	0.2	NA	0.0215443469	0.4	0.92	0.24	0.69	0.73	2025-05-23	Kpn	domain_acc_binary_class	domain	drug_class	acc_binary	#66a61e	24
fluoroquinolones	3608	0.67	1	0.6	0.2	NA	0.01	0.4	0.93	0.55	0.89	0.89	2025-05-23	Kpn	domain_acc_binary_class	domain	drug_class	acc_binary	#66a61e	24
monobactams	2289	0.83	1	0.6	0.2	NA	0.04641588834	0	0.93	0.22	0.69	0.75	2025-05-23	Kpn	domain_acc_binary_class	domain	drug_class	acc_binary	#66a61e	24
nitrofuran-derivatives	1123	0.82	1	0.6	0.2	NA	0.04641588834	0	0.93	0.24	0.66	0.7	2025-05-23	Kpn	domain_acc_binary_class	domain	drug_class	acc_binary	#66a61e	24
penicillins/beta-lactamase-inhibitor	2863	0.82	1	0.6	0.2	NA	0.01	0.6	0.93	0.26	0.78	0.8	2025-05-23	Kpn	domain_acc_binary_class	domain	drug_class	acc_binary	#66a61e	24
phosphonic acid antibacterial	270	0.26	1	0.6	0.2	NA	0.0215443469	0.2	0.57	1.37	0.7	0.79	2025-05-23	Kpn	domain_acc_binary_class	domain	drug_class	acc_binary	#66a61e	24
polymyxin	1422	0.23	1	0.6	0.2	NA	1.00E-04	0.2	0.57	1.09	0.72	0.72	2025-05-23	Kpn	domain_acc_binary_class	domain	drug_class	acc_binary	#66a61e	24
quinolones	157	0.64	1	0.6	0.2	NA	1.00E-04	0	0.87	0.61	0.75	0.81	2025-05-23	Kpn	domain_acc_binary_class	domain	drug_class	acc_binary	#66a61e	24
tetracyclines	2665	0.44	1	0.6	0.2	NA	1.00E-04	0.2	0.69	0.54	0.72	0.72	2025-05-23	Kpn	domain_acc_binary_class	domain	drug_class	acc_binary	#66a61e	24
trimethoprim-derivatives	251	0.44	1	0.6	0.2	NA	0.1	0.8	0.65	0.95	0.7	0.7	2025-05-23	Kpn	domain_acc_binary_class	domain	drug_class	acc_binary	#66a61e	24
trimethoprim/sulfonamides	3317	0.67	1	0.6	0.2	NA	0.0215443469	0.4	0.85	0.39	0.73	0.75	2025-05-23	Kpn	domain_acc_binary_class	domain	drug_class	acc_binary	#66a61e	24
amikacin	2664	0.16	1	0.6	0.2	NA	0.01	0.2	0.76	2.34	0.84	0.86	2025-05-23	Kpn	gene_acc_binary	gene	drug	acc_binary	#e6ab02	24
aminogycosides	127	0.61	1	0.6	0.2	NA	0.04641588834	1	0.97	0.71	0.97	0.96	2025-05-23	Kpn	gene_acc_binary	gene	drug	acc_binary	#e6ab02	24
amoxicillin/clavulanic acid	864	0.79	1	0.6	0.2	NA	0.0215443469	0.6	0.95	0.33	0.83	0.88	2025-05-23	Kpn	gene_acc_binary	gene	drug	acc_binary	#e6ab02	24
ampicillin/sulbactam	1897	0.87	1	0.6	0.2	NA	0.01	1	0.98	0.2	0.9	0.91	2025-05-23	Kpn	gene_acc_binary	gene	drug	acc_binary	#e6ab02	24
aztreonam	2289	0.82	1	0.6	0.2	NA	0.0215443469	0.6	0.96	0.24	0.85	0.88	2025-05-23	Kpn	gene_acc_binary	gene	drug	acc_binary	#e6ab02	24
beta-lactam	127	0.66	1	0.6	0.2	NA	0.1	0.8	0.9	0.57	0.91	0.89	2025-05-23	Kpn	gene_acc_binary	gene	drug	acc_binary	#e6ab02	24
carbenicillin	89	0.94	1	0.6	0.2	NA	1.00E-04	0	0.94	0.09	0.5	NA	2025-05-23	Kpn	gene_acc_binary	gene	drug	acc_binary	#e6ab02	24
cefazolin	2370	0.82	1	0.6	0.2	NA	1.00E-04	0.4	0.98	0.29	0.93	0.93	2025-05-23	Kpn	gene_acc_binary	gene	drug	acc_binary	#e6ab02	24
cefepime	2264	0.63	1	0.6	0.2	NA	0.04641588834	0.4	0.89	0.58	0.83	0.84	2025-05-23	Kpn	gene_acc_binary	gene	drug	acc_binary	#e6ab02	24
cefotaxime	1422	0.71	1	0.6	0.2	NA	0.0215443469	1	0.95	0.49	0.94	0.93	2025-05-23	Kpn	gene_acc_binary	gene	drug	acc_binary	#e6ab02	24
cefotetan	144	0.27	1	0.6	0.2	NA	1.00E-04	0.2	0.82	1.75	0.89	0.88	2025-05-23	Kpn	gene_acc_binary	gene	drug	acc_binary	#e6ab02	24
cefoxitin	2253	0.54	1	0.6	0.2	NA	0.04641588834	0.2	0.86	0.78	0.86	0.86	2025-05-23	Kpn	gene_acc_binary	gene	drug	acc_binary	#e6ab02	24
cefpodoxime	294	0.74	1	0.6	0.2	NA	1.00E-04	1	0.84	0.38	0.77	0.75	2025-05-23	Kpn	gene_acc_binary	gene	drug	acc_binary	#e6ab02	24
cefpodoxime_clavulanic_acid	188	0.87	1	0.6	0.2	NA	0.0215443469	0.4	0.91	0.19	0.57	0.61	2025-05-23	Kpn	gene_acc_binary	gene	drug	acc_binary	#e6ab02	24
ceftazidime	3281	0.72	1	0.6	0.2	NA	0.004641588834	1	0.97	0.46	0.94	0.95	2025-05-23	Kpn	gene_acc_binary	gene	drug	acc_binary	#e6ab02	24
ceftazidime/avibactam	327	0.25	1	0.6	0.2	NA	0.04641588834	0.6	0.9	1.91	0.91	0.94	2025-05-23	Kpn	gene_acc_binary	gene	drug	acc_binary	#e6ab02	24
ceftolozane/tazobactam	147	0.62	1	0.6	0.2	NA	1.00E-04	0.2	0.92	0.68	0.91	0.9	2025-05-23	Kpn	gene_acc_binary	gene	drug	acc_binary	#e6ab02	24
ceftriaxone	2340	0.82	1	0.6	0.2	NA	1.00E-04	0.4	0.99	0.29	0.98	0.97	2025-05-23	Kpn	gene_acc_binary	gene	drug	acc_binary	#e6ab02	24
ceftriaxone/cefpodoxime	53	0.51	1	0.6	0.2	NA	1.00E-04	0.2	1	0.97	1	1	2025-05-23	Kpn	gene_acc_binary	gene	drug	acc_binary	#e6ab02	24
cefuroxime	1668	0.93	1	0.6	0.2	NA	0.0215443469	0.2	0.99	0.1	0.86	0.91	2025-05-23	Kpn	gene_acc_binary	gene	drug	acc_binary	#e6ab02	24
cephalothin	168	0.79	1	0.6	0.2	NA	0.04641588834	0.6	0.91	0.33	0.73	0.78	2025-05-23	Kpn	gene_acc_binary	gene	drug	acc_binary	#e6ab02	24
chloramphenicol	329	0.69	1	0.6	0.2	NA	0.1	0.6	0.86	0.42	0.76	0.77	2025-05-23	Kpn	gene_acc_binary	gene	drug	acc_binary	#e6ab02	24
ciprofloxacin	3558	0.68	1	0.6	0.2	NA	0.01	1	0.94	0.54	0.92	0.91	2025-05-23	Kpn	gene_acc_binary	gene	drug	acc_binary	#e6ab02	24
colistin	1266	0.23	1	0.6	0.2	NA	1.00E-04	0.2	0.65	1.71	0.78	0.78	2025-05-23	Kpn	gene_acc_binary	gene	drug	acc_binary	#e6ab02	24
doripenem	233	0.89	1	0.6	0.2	NA	0.1	1	0.92	0.05	0.5	NA	2025-05-23	Kpn	gene_acc_binary	gene	drug	acc_binary	#e6ab02	24
doxycycline	141	0.32	1	0.6	0.2	NA	0.04641588834	0.4	0.71	1.29	0.78	0.79	2025-05-23	Kpn	gene_acc_binary	gene	drug	acc_binary	#e6ab02	24
ertapenem	1382	0.65	1	0.6	0.2	NA	0.0215443469	1	0.97	0.62	0.98	0.97	2025-05-23	Kpn	gene_acc_binary	gene	drug	acc_binary	#e6ab02	24
extended spectrum beta lactamase	403	0.42	1	0.6	0.2	NA	0.01	0.6	0.92	1.24	0.93	0.94	2025-05-23	Kpn	gene_acc_binary	gene	drug	acc_binary	#e6ab02	24
fluoroquinolones	127	0.57	1	0.6	0.2	NA	0.1	0.8	0.78	0.38	0.65	0.69	2025-05-23	Kpn	gene_acc_binary	gene	drug	acc_binary	#e6ab02	24
fosfomycin	270	0.26	1	0.6	0.2	NA	1.00E-04	0.8	0.52	1.39	0.68	0.72	2025-05-23	Kpn	gene_acc_binary	gene	drug	acc_binary	#e6ab02	24
gentamicin	3662	0.38	1	0.6	0.2	NA	0.01	1	0.92	1.34	0.93	0.93	2025-05-23	Kpn	gene_acc_binary	gene	drug	acc_binary	#e6ab02	24
imipenem	2199	0.46	1	0.6	0.2	NA	0.01	0.8	0.94	1.08	0.95	0.95	2025-05-23	Kpn	gene_acc_binary	gene	drug	acc_binary	#e6ab02	24
kanamycin	82	0.93	1	0.6	0.2	NA	1.00E-04	0	1	0.1	NA	NA	2025-05-23	Kpn	gene_acc_binary	gene	drug	acc_binary	#e6ab02	24
levofloxacin	2009	0.79	1	0.6	0.2	NA	1.00E-04	1	0.96	0.34	0.92	0.91	2025-05-23	Kpn	gene_acc_binary	gene	drug	acc_binary	#e6ab02	24
meropenem	3520	0.33	1	0.6	0.2	NA	0.01	0.8	0.92	1.54	0.93	0.94	2025-05-23	Kpn	gene_acc_binary	gene	drug	acc_binary	#e6ab02	24
minocycline	87	0.22	1	0.6	0.2	NA	0.1	0.2	0.91	2.18	0.96	0.94	2025-05-23	Kpn	gene_acc_binary	gene	drug	acc_binary	#e6ab02	24
moxifloxacin	92	0.42	1	0.6	0.2	NA	0.01	0.8	0.46	0.54	0.6	0.61	2025-05-23	Kpn	gene_acc_binary	gene	drug	acc_binary	#e6ab02	24
nalidixic acid	157	0.64	1	0.6	0.2	NA	0.1	0.8	0.77	0.46	0.58	0.6	2025-05-23	Kpn	gene_acc_binary	gene	drug	acc_binary	#e6ab02	24
nitrofurantoin	1123	0.82	1	0.6	0.2	NA	0.0215443469	0.4	0.92	0.24	0.77	0.8	2025-05-23	Kpn	gene_acc_binary	gene	drug	acc_binary	#e6ab02	24
norfloxacin	186	0.15	1	0.6	0.2	NA	1.00E-04	0	0.89	2.65	0.9	0.94	2025-05-23	Kpn	gene_acc_binary	gene	drug	acc_binary	#e6ab02	24
piperacillin/tazobactam	2505	0.68	1	0.6	0.2	NA	1.00E-04	0.6	0.91	0.51	0.87	0.87	2025-05-23	Kpn	gene_acc_binary	gene	drug	acc_binary	#e6ab02	24
polymyxin B	233	0.21	1	0.6	0.2	NA	1.00E-04	0.2	0.91	2.21	0.92	0.94	2025-05-23	Kpn	gene_acc_binary	gene	drug	acc_binary	#e6ab02	24
streptomycin	74	0.69	1	0.6	0.2	NA	1.00E-04	0.2	1	0.54	1	1	2025-05-23	Kpn	gene_acc_binary	gene	drug	acc_binary	#e6ab02	24
tetracycline	1705	0.53	1	0.6	0.2	NA	0.04641588834	0.4	0.81	0.8	0.81	0.81	2025-05-23	Kpn	gene_acc_binary	gene	drug	acc_binary	#e6ab02	24
ticarcillin/clavulanic acid	239	0.42	1	0.6	0.2	NA	1.00E-04	0.2	0.93	1.24	0.95	0.94	2025-05-23	Kpn	gene_acc_binary	gene	drug	acc_binary	#e6ab02	24
tigecycline	1114	0.23	1	0.6	0.2	NA	0.04641588834	0.4	0.63	1.61	0.74	0.77	2025-05-23	Kpn	gene_acc_binary	gene	drug	acc_binary	#e6ab02	24
tobramycin	2179	0.58	1	0.6	0.2	NA	0.01	0.8	0.95	0.74	0.93	0.93	2025-05-23	Kpn	gene_acc_binary	gene	drug	acc_binary	#e6ab02	24
trimethoprim	251	0.44	1	0.6	0.2	NA	1.00E-04	0.4	0.93	1.16	0.94	0.94	2025-05-23	Kpn	gene_acc_binary	gene	drug	acc_binary	#e6ab02	24
trimethoprim/sulfamethoxazole	3317	0.67	1	0.6	0.2	NA	0.01	1	0.95	0.56	0.92	0.92	2025-05-23	Kpn	gene_acc_binary	gene	drug	acc_binary	#e6ab02	24
trimethoprim/sulfobactam	225	0.33	1	0.6	0.2	NA	0.04641588834	1	0.97	1.56	0.97	0.98	2025-05-23	Kpn	gene_acc_binary	gene	drug	acc_binary	#e6ab02	24
trimotheprim	127	0.72	1	0.6	0.2	NA	1.00E-04	0.2	0.83	0.22	0.59	0.61	2025-05-23	Kpn	gene_acc_binary	gene	drug	acc_binary	#e6ab02	24
aminoglycosides	3860	0.56	1	0.6	0.2	NA	0.01	0.6	0.91	0.78	0.9	0.9	2025-05-23	Kpn	gene_acc_binary_class	gene	drug_class	acc_binary	#e6ab02	24
amphenicols	342	0.7	1	0.6	0.2	NA	1.00E-04	0	0.93	0.49	0.87	0.88	2025-05-23	Kpn	gene_acc_binary_class	gene	drug_class	acc_binary	#e6ab02	24
carbapenems	3816	0.39	1	0.6	0.2	NA	1.00E-04	0.2	0.94	1.33	0.95	0.95	2025-05-23	Kpn	gene_acc_binary_class	gene	drug_class	acc_binary	#e6ab02	24
cephalosporins	2914	0.83	1	0.6	0.2	NA	0.0215443469	0.6	0.98	0.27	0.91	0.93	2025-05-23	Kpn	gene_acc_binary_class	gene	drug_class	acc_binary	#e6ab02	24
fluoroquinolones	3608	0.67	1	0.6	0.2	NA	0.01	0.6	0.96	0.56	0.93	0.93	2025-05-23	Kpn	gene_acc_binary_class	gene	drug_class	acc_binary	#e6ab02	24
monobactams	2289	0.83	1	0.6	0.2	NA	0.01	1	0.96	0.24	0.85	0.9	2025-05-23	Kpn	gene_acc_binary_class	gene	drug_class	acc_binary	#e6ab02	24
nitrofuran-derivatives	1123	0.82	1	0.6	0.2	NA	0.004641588834	0.8	0.93	0.26	0.73	0.75	2025-05-23	Kpn	gene_acc_binary_class	gene	drug_class	acc_binary	#e6ab02	24
penicillins/beta-lactamase-inhibitor	2863	0.82	1	0.6	0.2	NA	0.04641588834	0.2	0.96	0.27	0.85	0.89	2025-05-23	Kpn	gene_acc_binary_class	gene	drug_class	acc_binary	#e6ab02	24
phosphonic acid antibacterial	270	0.26	1	0.6	0.2	NA	1.00E-04	0.8	0.52	1.39	0.68	0.72	2025-05-23	Kpn	gene_acc_binary_class	gene	drug_class	acc_binary	#e6ab02	24
polymyxin	1422	0.23	1	0.6	0.2	NA	0.01	0.2	0.6	1.65	0.73	0.74	2025-05-23	Kpn	gene_acc_binary_class	gene	drug_class	acc_binary	#e6ab02	24
quinolones	157	0.64	1	0.6	0.2	NA	0.1	0.8	0.77	0.46	0.58	0.6	2025-05-23	Kpn	gene_acc_binary_class	gene	drug_class	acc_binary	#e6ab02	24
tetracyclines	2665	0.44	1	0.6	0.2	NA	0.01	0.4	0.77	0.97	0.79	0.8	2025-05-23	Kpn	gene_acc_binary_class	gene	drug_class	acc_binary	#e6ab02	24
trimethoprim-derivatives	251	0.44	1	0.6	0.2	NA	1.00E-04	0.4	0.93	1.16	0.94	0.94	2025-05-23	Kpn	gene_acc_binary_class	gene	drug_class	acc_binary	#e6ab02	24
trimethoprim/sulfonamides	3317	0.67	1	0.6	0.2	NA	0.004641588834	1	0.95	0.55	0.91	0.92	2025-05-23	Kpn	gene_acc_binary_class	gene	drug_class	acc_binary	#e6ab02	24
amikacin	694	0.18	1	0.6	0.2	NA	1.00E-04	1	0.49	1.81	0.68	0.69	2025-05-22	Pae	domain_acc_binary	domain	drug	acc_binary	#66a61e	24
aztreonam	217	0.49	1	0.6	0.2	NA	0.04641588834	0.8	0.63	0.63	0.67	0.67	2025-05-22	Pae	domain_acc_binary	domain	drug	acc_binary	#66a61e	24
cefepime	254	0.47	1	0.6	0.2	NA	0.0215443469	1	0.57	0.53	0.64	0.65	2025-05-22	Pae	domain_acc_binary	domain	drug	acc_binary	#66a61e	24
ceftazidime	829	0.46	1	0.6	0.2	NA	0.0215443469	0.8	0.7	0.69	0.73	0.73	2025-05-22	Pae	domain_acc_binary	domain	drug	acc_binary	#66a61e	24
ceftazidime/avibactam	282	0.46	1	0.6	0.2	NA	0.0215443469	0.6	0.62	0.82	0.68	0.68	2025-05-22	Pae	domain_acc_binary	domain	drug	acc_binary	#66a61e	24
ceftolozane/tazobactam	235	0.53	1	0.6	0.2	NA	0.1	0.8	0.73	0.7	0.73	0.73	2025-05-22	Pae	domain_acc_binary	domain	drug	acc_binary	#66a61e	24
ciprofloxacin	677	0.54	1	0.6	0.2	NA	0.04641588834	0.2	0.79	0.72	0.79	0.79	2025-05-22	Pae	domain_acc_binary	domain	drug	acc_binary	#66a61e	24
doripenem	68	0.71	1	0.6	0.2	NA	0.1	0.8	0.82	0.36	0.58	0.6	2025-05-22	Pae	domain_acc_binary	domain	drug	acc_binary	#66a61e	24
gentamicin	365	0.27	1	0.6	0.2	NA	0.04641588834	0.4	0.69	1.53	0.77	0.8	2025-05-22	Pae	domain_acc_binary	domain	drug	acc_binary	#66a61e	24
imipenem	449	0.51	1	0.6	0.2	NA	0.04641588834	0.2	0.75	0.7	0.75	0.75	2025-05-22	Pae	domain_acc_binary	domain	drug	acc_binary	#66a61e	24
levofloxacin	684	0.47	1	0.6	0.2	NA	0.0215443469	0.6	0.77	0.77	0.79	0.8	2025-05-22	Pae	domain_acc_binary	domain	drug	acc_binary	#66a61e	24
meropenem	835	0.55	1	0.6	0.2	NA	0.00215443469	0.4	0.7	0.41	0.67	0.67	2025-05-22	Pae	domain_acc_binary	domain	drug	acc_binary	#66a61e	24
piperacillin	143	0.17	1	0.6	0.2	NA	1.00E-04	0.2	0	-0.5	0.48	0.47	2025-05-22	Pae	domain_acc_binary	domain	drug	acc_binary	#66a61e	24
piperacillin/tazobactam	214	0.39	1	0.6	0.2	NA	1.00E-04	0	0.67	0.98	0.75	0.78	2025-05-22	Pae	domain_acc_binary	domain	drug	acc_binary	#66a61e	24
tobramycin	606	0.29	1	0.6	0.2	NA	0.1	0.2	0.75	1.5	0.8	0.85	2025-05-22	Pae	domain_acc_binary	domain	drug	acc_binary	#66a61e	24
aminoglycosides	1059	0.33	1	0.6	0.2	NA	0.04641588834	0	0.78	1.38	0.84	0.84	2025-05-21	Pae	domain_acc_binary_class	domain	drug_class	acc_binary	#66a61e	24
carbapenems	1068	0.54	1	0.6	0.2	NA	0.1	0.4	0.69	0.45	0.68	0.68	2025-05-21	Pae	domain_acc_binary_class	domain	drug_class	acc_binary	#66a61e	24
cephalosporins	261	0.49	1	0.6	0.2	NA	0.01	0.8	0.62	0.43	0.62	0.62	2025-05-21	Pae	domain_acc_binary_class	domain	drug_class	acc_binary	#66a61e	24
fluoroquinolones	1011	0.52	1	0.6	0.2	NA	0.04641588834	0.4	0.7	0.66	0.71	0.71	2025-05-21	Pae	domain_acc_binary_class	domain	drug_class	acc_binary	#66a61e	24
monobactams	217	0.49	1	0.6	0.2	NA	0.04641588834	0.8	0.63	0.63	0.67	0.67	2025-05-21	Pae	domain_acc_binary_class	domain	drug_class	acc_binary	#66a61e	24
penicillins	244	0.52	1	0.6	0.2	NA	1.00E-04	0	0.88	0.87	0.88	0.89	2025-05-21	Pae	domain_acc_binary_class	domain	drug_class	acc_binary	#66a61e	24
penicillins/beta-lactamase-inhibitor	218	0.41	1	0.6	0.2	NA	0.00215443469	1	0.6	0.66	0.69	0.71	2025-05-21	Pae	domain_acc_binary_class	domain	drug_class	acc_binary	#66a61e	24
polymyxin	557	0.02	1	0.6	0.2	NA	1.00E-04	0.2	NA	-Inf	0.5	NA	2025-05-21	Pae	domain_acc_binary_class	domain	drug_class	acc_binary	#66a61e	24
amikacin	694	0.18	1	0.6	0.2	NA	0.00215443469	1	0.5	1.98	0.67	0.73	2025-05-22	Pae	gene_acc_binary	gene	drug	acc_binary	#e6ab02	24
aztreonam	217	0.49	1	0.6	0.2	NA	0.0215443469	0.6	0.65	0.47	0.67	0.67	2025-05-22	Pae	gene_acc_binary	gene	drug	acc_binary	#e6ab02	24
cefepime	254	0.47	1	0.6	0.2	NA	0.1	0.8	0.68	0.42	0.7	0.7	2025-05-22	Pae	gene_acc_binary	gene	drug	acc_binary	#e6ab02	24
ceftazidime	829	0.46	1	0.6	0.2	NA	0.0215443469	0.4	0.72	0.82	0.75	0.76	2025-05-22	Pae	gene_acc_binary	gene	drug	acc_binary	#e6ab02	24
ceftazidime/avibactam	282	0.46	1	0.6	0.2	NA	1.00E-04	0.8	0.77	0.97	0.79	0.79	2025-05-22	Pae	gene_acc_binary	gene	drug	acc_binary	#e6ab02	24
ceftolozane/tazobactam	235	0.53	1	0.6	0.2	NA	0.04641588834	0.8	0.84	0.8	0.83	0.83	2025-05-22	Pae	gene_acc_binary	gene	drug	acc_binary	#e6ab02	24
ciprofloxacin	677	0.54	1	0.6	0.2	NA	0.1	0.4	0.79	0.75	0.79	0.79	2025-05-22	Pae	gene_acc_binary	gene	drug	acc_binary	#e6ab02	24
doripenem	68	0.71	1	0.6	0.2	NA	0.04641588834	1	0.82	0.29	0.58	0.6	2025-05-22	Pae	gene_acc_binary	gene	drug	acc_binary	#e6ab02	24
gentamicin	365	0.27	1	0.6	0.2	NA	0.1	0.2	0.77	1.67	0.84	0.84	2025-05-22	Pae	gene_acc_binary	gene	drug	acc_binary	#e6ab02	24
imipenem	449	0.51	1	0.6	0.2	NA	0.04641588834	0.2	0.81	0.79	0.8	0.8	2025-05-22	Pae	gene_acc_binary	gene	drug	acc_binary	#e6ab02	24
levofloxacin	684	0.47	1	0.6	0.2	NA	0.1	0.4	0.75	0.85	0.78	0.79	2025-05-22	Pae	gene_acc_binary	gene	drug	acc_binary	#e6ab02	24
meropenem	835	0.55	1	0.6	0.2	NA	0.1	0.8	0.66	0.47	0.62	0.62	2025-05-22	Pae	gene_acc_binary	gene	drug	acc_binary	#e6ab02	24
piperacillin	143	0.17	1	0.6	0.2	NA	0.04641588834	0.2	0	-1.09	0.46	0.46	2025-05-22	Pae	gene_acc_binary	gene	drug	acc_binary	#e6ab02	24
piperacillin/tazobactam	214	0.39	1	0.6	0.2	NA	1.00E-04	0	0.67	1	0.75	0.78	2025-05-22	Pae	gene_acc_binary	gene	drug	acc_binary	#e6ab02	24
tobramycin	606	0.29	1	0.6	0.2	NA	0.01	0.8	0.7	1.53	0.77	0.83	2025-05-22	Pae	gene_acc_binary	gene	drug	acc_binary	#e6ab02	24
aminoglycosides	1059	0.33	1	0.6	0.2	NA	0.004641588834	1	0.84	1.48	0.88	0.89	2025-05-21	Pae	gene_acc_binary_class	gene	drug_class	acc_binary	#e6ab02	24
carbapenems	1068	0.54	1	0.6	0.2	NA	0.004641588834	1	0.75	0.62	0.73	0.73	2025-05-21	Pae	gene_acc_binary_class	gene	drug_class	acc_binary	#e6ab02	24
cephalosporins	261	0.49	1	0.6	0.2	NA	0.01	0.4	0.62	0.71	0.66	0.66	2025-05-21	Pae	gene_acc_binary_class	gene	drug_class	acc_binary	#e6ab02	24
fluoroquinolones	1011	0.52	1	0.6	0.2	NA	0.1	0.6	0.72	0.71	0.75	0.75	2025-05-21	Pae	gene_acc_binary_class	gene	drug_class	acc_binary	#e6ab02	24
monobactams	217	0.49	1	0.6	0.2	NA	0.0215443469	0.6	0.65	0.47	0.67	0.67	2025-05-21	Pae	gene_acc_binary_class	gene	drug_class	acc_binary	#e6ab02	24
penicillins	244	0.52	1	0.6	0.2	NA	1.00E-04	0	0.94	0.9	0.94	0.94	2025-05-21	Pae	gene_acc_binary_class	gene	drug_class	acc_binary	#e6ab02	24
penicillins/beta-lactamase-inhibitor	218	0.41	1	0.6	0.2	NA	1.00E-04	0.4	0.65	0.93	0.72	0.74	2025-05-21	Pae	gene_acc_binary_class	gene	drug_class	acc_binary	#e6ab02	24
polymyxin	557	0.02	1	0.6	0.2	NA	1.00E-04	0	NA	-1	0.5	NA	2025-05-21	Pae	gene_acc_binary_class	gene	drug_class	acc_binary	#e6ab02	24
amoxicillin/clavulanic acid	18	0.5	1	0.6	0.2	NA	1.00E-04	0	0.8	-0.25	0.75	0.79	2025-05-19	Sau	domain_acc_binary	domain	drug	acc_binary	#66a61e	24
cefoxitin	1034	0.78	1	0.6	0.2	NA	0.0215443469	0.6	0.99	0.36	0.97	0.98	2025-05-19	Sau	domain_acc_binary	domain	drug	acc_binary	#66a61e	24
chloramphenicol	784	0.04	1	0.6	0.2	NA	1.00E-04	0.2	0.67	4.07	0.89	0.83	2025-05-19	Sau	domain_acc_binary	domain	drug	acc_binary	#66a61e	24
ciprofloxacin	2209	0.46	1	0.6	0.2	NA	0.00215443469	0.4	0.82	0.95	0.84	0.84	2025-05-19	Sau	domain_acc_binary	domain	drug	acc_binary	#66a61e	24
clindamycin	1086	0.38	1	0.6	0.2	NA	0.001	0.2	0.8	1.04	0.84	0.84	2025-05-19	Sau	domain_acc_binary	domain	drug	acc_binary	#66a61e	24
erythromycin	2351	0.37	1	0.6	0.2	NA	0.00215443469	0.4	0.7	1.09	0.77	0.78	2025-05-19	Sau	domain_acc_binary	domain	drug	acc_binary	#66a61e	24
florfenicol	17	0.53	1	0.6	0.2	NA	1.00E-04	0	1	0.92	1	1	2025-05-19	Sau	domain_acc_binary	domain	drug	acc_binary	#66a61e	24
fusidic acid	1956	0.15	1	0.6	0.2	NA	0.00215443469	1	0.81	2.54	0.86	0.9	2025-05-19	Sau	domain_acc_binary	domain	drug	acc_binary	#66a61e	24
gentamicin	2382	0.12	1	0.6	0.2	NA	4.64E-04	0.2	0.96	2.97	0.97	0.98	2025-05-19	Sau	domain_acc_binary	domain	drug	acc_binary	#66a61e	24
kanamycin	58	0.31	1	0.6	0.2	NA	1.00E-04	0	1	1.69	1	1	2025-05-19	Sau	domain_acc_binary	domain	drug	acc_binary	#66a61e	24
levofloxacin	281	0.1	1	0.6	0.2	NA	1.00E-04	0	0.71	3.09	0.81	0.83	2025-05-19	Sau	domain_acc_binary	domain	drug	acc_binary	#66a61e	24
methicillin	1898	0.58	1	0.6	0.2	NA	1.00E-04	0.2	0.91	0.73	0.89	0.89	2025-05-19	Sau	domain_acc_binary	domain	drug	acc_binary	#66a61e	24
mupirocin	1292	0.03	1	0.6	0.2	NA	2.15E-04	0.8	0.5	4.09	0.75	0.75	2025-05-19	Sau	domain_acc_binary	domain	drug	acc_binary	#66a61e	24
oxacillin	610	0.24	1	0.6	0.2	NA	1.00E-04	0.8	0.78	1.68	0.88	0.86	2025-05-19	Sau	domain_acc_binary	domain	drug	acc_binary	#66a61e	24
penicillin	1358	0.88	1	0.6	0.2	NA	0.04641588834	0.6	0.99	0.17	0.94	0.94	2025-05-19	Sau	domain_acc_binary	domain	drug	acc_binary	#66a61e	24
rifampin	1990	0.02	1	0.6	0.2	NA	1.00E-04	0.2	0	0.58	0.5	0.5	2025-05-19	Sau	domain_acc_binary	domain	drug	acc_binary	#66a61e	24
tetracycline	1992	0.17	1	0.6	0.2	NA	0.01	0.2	0.68	2.22	0.77	0.83	2025-05-19	Sau	domain_acc_binary	domain	drug	acc_binary	#66a61e	24
tiamulin	17	0.59	1	0.6	0.2	NA	1.00E-04	0	1	0.76	1	1	2025-05-19	Sau	domain_acc_binary	domain	drug	acc_binary	#66a61e	24
tigecycline	21	0.48	1	0.6	0.2	NA	1.00E-04	0	1	1.06	1	1	2025-05-19	Sau	domain_acc_binary	domain	drug	acc_binary	#66a61e	24
tobramycin	62	0.29	1	0.6	0.2	NA	1.00E-04	0.2	1	1.79	1	1	2025-05-19	Sau	domain_acc_binary	domain	drug	acc_binary	#66a61e	24
trimethoprim	559	0.04	1	0.6	0.2	NA	1.00E-04	0.2	0.44	3.7	0.74	0.71	2025-05-19	Sau	domain_acc_binary	domain	drug	acc_binary	#66a61e	24
trimethoprim/sulfamethoxazole	719	0.25	1	0.6	0.2	NA	2.15E-04	1	0.79	1.64	0.85	0.87	2025-05-19	Sau	domain_acc_binary	domain	drug	acc_binary	#66a61e	24
vancomycin	1343	0.03	1	0.6	0.2	NA	1.00E-04	0	1	5.06	1	1	2025-05-19	Sau	domain_acc_binary	domain	drug	acc_binary	#66a61e	24
aminoacyl-trna synthetase inhibitor	1292	0.03	1	0.6	0.2	NA	0.00215443469	1	0.29	3.87	0.59	0.67	2025-05-20	Sau	domain_acc_binary_class	domain	drug_class	acc_binary	#66a61e	24
aminoglycosides	2382	0.12	1	0.6	0.2	NA	0.001	0.8	0.98	3.06	0.98	0.99	2025-05-20	Sau	domain_acc_binary_class	domain	drug_class	acc_binary	#66a61e	24
amphenicols	801	0.05	1	0.6	0.2	NA	1.00E-04	1	0.73	3.74	0.79	0.87	2025-05-20	Sau	domain_acc_binary_class	domain	drug_class	acc_binary	#66a61e	24
cephalosporins	1052	0.78	1	0.6	0.2	NA	0.01	0.2	0.98	0.36	0.95	0.96	2025-05-20	Sau	domain_acc_binary_class	domain	drug_class	acc_binary	#66a61e	24
fluoroquinolones	2481	0.42	1	0.6	0.2	NA	0.0215443469	0.8	0.83	1.1	0.85	0.85	2025-05-20	Sau	domain_acc_binary_class	domain	drug_class	acc_binary	#66a61e	24
fusidane	1956	0.15	1	0.6	0.2	NA	0.004641588834	0.6	0.82	2.52	0.86	0.9	2025-05-20	Sau	domain_acc_binary_class	domain	drug_class	acc_binary	#66a61e	24
glycopeptides	1343	0.03	1	0.6	0.2	NA	1.00E-04	0	1	5.06	1	1	2025-05-20	Sau	domain_acc_binary_class	domain	drug_class	acc_binary	#66a61e	24
lincosamides	1086	0.38	1	0.6	0.2	NA	1.00E-04	0	0.78	1.09	0.82	0.83	2025-05-20	Sau	domain_acc_binary_class	domain	drug_class	acc_binary	#66a61e	24
macrolides	2351	0.37	1	0.6	0.2	NA	1.00E-04	0.2	0.7	0.98	0.76	0.76	2025-05-20	Sau	domain_acc_binary_class	domain	drug_class	acc_binary	#66a61e	24
penicillins	2510	0.87	1	0.6	0.2	NA	0.00215443469	0.8	0.97	0.17	0.84	0.87	2025-05-20	Sau	domain_acc_binary_class	domain	drug_class	acc_binary	#66a61e	24
penicillins/beta-lactamase-inhibitor	18	0.5	1	0.6	0.2	NA	1.00E-04	0	0.8	-0.25	0.75	0.79	2025-05-20	Sau	domain_acc_binary_class	domain	drug_class	acc_binary	#66a61e	24
pleuromutilin	17	0.59	1	0.6	0.2	NA	1.00E-04	0	1	0.76	1	1	2025-05-20	Sau	domain_acc_binary_class	domain	drug_class	acc_binary	#66a61e	24
rifamycins	1990	0.02	1	0.6	0.2	NA	1.00E-04	0	0.29	3.91	0.59	0.67	2025-05-20	Sau	domain_acc_binary_class	domain	drug_class	acc_binary	#66a61e	24
tetracyclines	2011	0.16	1	0.6	0.2	NA	0.001	0.2	0.72	2.32	0.82	0.84	2025-05-20	Sau	domain_acc_binary_class	domain	drug_class	acc_binary	#66a61e	24
trimethoprim-derivatives	559	0.04	1	0.6	0.2	NA	1.00E-04	0.2	0.44	3.7	0.74	0.71	2025-05-20	Sau	domain_acc_binary_class	domain	drug_class	acc_binary	#66a61e	24
trimethoprim/sulfonamides	719	0.25	1	0.6	0.2	NA	1.00E-04	0	0.82	1.78	0.85	0.9	2025-05-20	Sau	domain_acc_binary_class	domain	drug_class	acc_binary	#66a61e	24
amoxicillin/clavulanic acid	18	0.5	1	0.6	0.2	NA	1.00E-04	0	0.8	-0.25	0.75	0.79	2025-05-19	Sau	gene_acc_binary	gene	drug	acc_binary	#e6ab02	24
cefoxitin	1034	0.78	1	0.6	0.2	NA	1.00E-04	0.2	0.99	0.36	0.99	0.99	2025-05-19	Sau	gene_acc_binary	gene	drug	acc_binary	#e6ab02	24
chloramphenicol	784	0.04	1	0.6	0.2	NA	1.00E-04	0	0.75	4.43	0.8	0.88	2025-05-19	Sau	gene_acc_binary	gene	drug	acc_binary	#e6ab02	24
ciprofloxacin	2209	0.46	1	0.6	0.2	NA	0.01	0.6	0.9	1.08	0.91	0.91	2025-05-19	Sau	gene_acc_binary	gene	drug	acc_binary	#e6ab02	24
clindamycin	1086	0.38	1	0.6	0.2	NA	1.00E-04	0.2	0.9	1.32	0.92	0.93	2025-05-19	Sau	gene_acc_binary	gene	drug	acc_binary	#e6ab02	24
erythromycin	2351	0.37	1	0.6	0.2	NA	0.01	1	0.89	1.38	0.91	0.91	2025-05-19	Sau	gene_acc_binary	gene	drug	acc_binary	#e6ab02	24
florfenicol	17	0.53	1	0.6	0.2	NA	1.00E-04	0	1	0.92	1	1	2025-05-19	Sau	gene_acc_binary	gene	drug	acc_binary	#e6ab02	24
fusidic acid	1956	0.15	1	0.6	0.2	NA	1.00E-04	1	0.79	2.45	0.86	0.88	2025-05-19	Sau	gene_acc_binary	gene	drug	acc_binary	#e6ab02	24
gentamicin	2382	0.12	1	0.6	0.2	NA	1.00E-04	0.2	0.97	2.95	0.98	0.98	2025-05-19	Sau	gene_acc_binary	gene	drug	acc_binary	#e6ab02	24
kanamycin	58	0.31	1	0.6	0.2	NA	1.00E-04	1	1	1.69	1	1	2025-05-19	Sau	gene_acc_binary	gene	drug	acc_binary	#e6ab02	24
levofloxacin	281	0.1	1	0.6	0.2	NA	1.00E-04	0	0.67	3.14	0.77	0.82	2025-05-19	Sau	gene_acc_binary	gene	drug	acc_binary	#e6ab02	24
methicillin	1898	0.58	1	0.6	0.2	NA	1.00E-04	0.2	0.98	0.79	0.98	0.98	2025-05-19	Sau	gene_acc_binary	gene	drug	acc_binary	#e6ab02	24
mupirocin	1292	0.03	1	0.6	0.2	NA	1.00E-04	0.2	NA	3.84	0.5	NA	2025-05-19	Sau	gene_acc_binary	gene	drug	acc_binary	#e6ab02	24
oxacillin	610	0.24	1	0.6	0.2	NA	1.00E-04	0.2	0.86	1.98	0.92	0.91	2025-05-19	Sau	gene_acc_binary	gene	drug	acc_binary	#e6ab02	24
penicillin	1358	0.88	1	0.6	0.2	NA	0.1	0.2	0.99	0.17	0.95	0.96	2025-05-19	Sau	gene_acc_binary	gene	drug	acc_binary	#e6ab02	24
rifampin	1990	0.02	1	0.6	0.2	NA	1.00E-04	0.4	0.18	3.09	0.57	0.59	2025-05-19	Sau	gene_acc_binary	gene	drug	acc_binary	#e6ab02	24
tetracycline	1992	0.17	1	0.6	0.2	NA	1.00E-04	0.4	0.84	2.4	0.88	0.9	2025-05-19	Sau	gene_acc_binary	gene	drug	acc_binary	#e6ab02	24
tiamulin	17	0.59	1	0.6	0.2	NA	1.00E-04	0	1	0.76	1	1	2025-05-19	Sau	gene_acc_binary	gene	drug	acc_binary	#e6ab02	24
tigecycline	21	0.48	1	0.6	0.2	NA	1.00E-04	0	1	1.06	1	1	2025-05-19	Sau	gene_acc_binary	gene	drug	acc_binary	#e6ab02	24
tobramycin	62	0.29	1	0.6	0.2	NA	1.00E-04	0.2	1	1.79	1	1	2025-05-19	Sau	gene_acc_binary	gene	drug	acc_binary	#e6ab02	24
trimethoprim	559	0.04	1	0.6	0.2	NA	0.04641588834	0.2	0.67	3.75	0.75	0.85	2025-05-19	Sau	gene_acc_binary	gene	drug	acc_binary	#e6ab02	24
trimethoprim/sulfamethoxazole	719	0.25	1	0.6	0.2	NA	0.0215443469	0.6	0.91	1.94	0.94	0.94	2025-05-19	Sau	gene_acc_binary	gene	drug	acc_binary	#e6ab02	24
vancomycin	1343	0.03	1	0.6	0.2	NA	1.00E-04	0	1	5.06	1	1	2025-05-19	Sau	gene_acc_binary	gene	drug	acc_binary	#e6ab02	24
aminoacyl-trna synthetase inhibitor	1292	0.03	1	0.6	0.2	NA	0.004641588834	0.8	0.53	4.22	0.68	0.8	2025-05-20	Sau	gene_acc_binary_class	gene	drug_class	acc_binary	#e6ab02	24
aminoglycosides	2382	0.12	1	0.6	0.2	NA	0.1	0.2	0.98	3.06	0.98	0.99	2025-05-20	Sau	gene_acc_binary_class	gene	drug_class	acc_binary	#e6ab02	24
amphenicols	801	0.05	1	0.6	0.2	NA	1.00E-04	0.2	0.67	3.87	0.85	0.83	2025-05-20	Sau	gene_acc_binary_class	gene	drug_class	acc_binary	#e6ab02	24
cephalosporins	1052	0.78	1	0.6	0.2	NA	1.00E-04	0.2	0.99	0.36	0.98	0.98	2025-05-20	Sau	gene_acc_binary_class	gene	drug_class	acc_binary	#e6ab02	24
fluoroquinolones	2481	0.42	1	0.6	0.2	NA	1.00E-04	0	0.9	1.21	0.92	0.92	2025-05-20	Sau	gene_acc_binary_class	gene	drug_class	acc_binary	#e6ab02	24
fusidane	1956	0.15	1	0.6	0.2	NA	0.0215443469	0.6	0.8	2.55	0.84	0.89	2025-05-20	Sau	gene_acc_binary_class	gene	drug_class	acc_binary	#e6ab02	24
glycopeptides	1343	0.03	1	0.6	0.2	NA	1.00E-04	0	1	5.06	1	1	2025-05-20	Sau	gene_acc_binary_class	gene	drug_class	acc_binary	#e6ab02	24
lincosamides	1086	0.38	1	0.6	0.2	NA	0.04641588834	0.4	0.88	1.32	0.9	0.91	2025-05-20	Sau	gene_acc_binary_class	gene	drug_class	acc_binary	#e6ab02	24
macrolides	2351	0.37	1	0.6	0.2	NA	0.0215443469	0.6	0.84	1.33	0.87	0.88	2025-05-20	Sau	gene_acc_binary_class	gene	drug_class	acc_binary	#e6ab02	24
penicillins	2510	0.87	1	0.6	0.2	NA	0.004641588834	0.4	0.98	0.2	0.91	0.91	2025-05-20	Sau	gene_acc_binary_class	gene	drug_class	acc_binary	#e6ab02	24
penicillins/beta-lactamase-inhibitor	18	0.5	1	0.6	0.2	NA	1.00E-04	0	0.8	-0.25	0.75	0.79	2025-05-20	Sau	gene_acc_binary_class	gene	drug_class	acc_binary	#e6ab02	24
pleuromutilin	17	0.59	1	0.6	0.2	NA	1.00E-04	0	1	0.76	1	1	2025-05-20	Sau	gene_acc_binary_class	gene	drug_class	acc_binary	#e6ab02	24
rifamycins	1990	0.02	1	0.6	0.2	NA	0.001	0.6	0.15	2.91	0.54	0.6	2025-05-20	Sau	gene_acc_binary_class	gene	drug_class	acc_binary	#e6ab02	24
tetracyclines	2011	0.16	1	0.6	0.2	NA	1.00E-04	0.2	0.87	2.51	0.9	0.92	2025-05-20	Sau	gene_acc_binary_class	gene	drug_class	acc_binary	#e6ab02	24
trimethoprim-derivatives	559	0.04	1	0.6	0.2	NA	0.04641588834	0.2	0.67	3.75	0.75	0.85	2025-05-20	Sau	gene_acc_binary_class	gene	drug_class	acc_binary	#e6ab02	24
trimethoprim/sulfonamides	719	0.25	1	0.6	0.2	NA	1.00E-04	1	0.89	1.91	0.92	0.92	2025-05-20	Sau	gene_acc_binary_class	gene	drug_class	acc_binary	#e6ab02	24